PERMNO,date,TICKER,PRC,RET,SPREAD,vwretd,vwretx
10107,31JAN2007,MSFT,30.86000,0.033490,,0.019397,0.018461
10107,28FEB2007,MSFT,28.17000,-0.083927,,-0.013988,-0.015979
10107,30MAR2007,MSFT,27.87000,-0.010650,,0.012950,0.011475
10107,30APR2007,MSFT,29.94000,0.074273,,0.039815,0.038449
10107,31MAY2007,MSFT,30.69010,0.028393,,0.038932,0.036643
10107,29JUN2007,MSFT,29.47000,-0.039756,,-0.014765,-0.016128
10107,31JUL2007,MSFT,28.99000,-0.016288,,-0.031760,-0.032764
10107,31AUG2007,MSFT,28.73000,-0.005519,,0.011630,0.009677
10107,28SEP2007,MSFT,29.46000,0.025409,,0.040842,0.039325
10107,31OCT2007,MSFT,36.81000,0.249491,,0.025796,0.024655
10107,30NOV2007,MSFT,33.60000,-0.084216,,-0.049327,-0.051276
10107,31DEC2007,MSFT,35.60000,0.059524,,-0.004423,-0.006511
10107,31JAN2008,MSFT,32.60000,-0.084270,,-0.062138,-0.063243
10107,29FEB2008,MSFT,27.19990,-0.162273,,-0.021663,-0.023605
10107,31MAR2008,MSFT,28.38000,0.043386,,-0.010421,-0.012160
10107,30APR2008,MSFT,28.52000,0.004933,,0.051060,0.049736
10107,30MAY2008,MSFT,28.32000,-0.003156,,0.023808,0.021494
10107,30JUN2008,MSFT,27.51000,-0.028602,,-0.078426,-0.080241
10107,31JUL2008,MSFT,25.72000,-0.065067,,-0.013341,-0.014690
10107,29AUG2008,MSFT,27.29000,0.065319,,0.010566,0.008576
10107,30SEP2008,MSFT,26.69000,-0.021986,,-0.097980,-0.099770
10107,31OCT2008,MSFT,22.33000,-0.163357,,-0.184648,-0.186136
10107,28NOV2008,MSFT,20.22000,-0.088670,,-0.084615,-0.087354
10107,31DEC2008,MSFT,19.44000,-0.038576,,0.022154,0.019087
10107,30JAN2009,MSFT,17.10000,-0.120370,,-0.077315,-0.078709
10107,27FEB2009,MSFT,16.15000,-0.047953,,-0.100271,-0.103457
10107,31MAR2009,MSFT,18.37000,0.137461,,0.086748,0.083489
10107,30APR2009,MSFT,20.26000,0.102885,,0.109352,0.107516
10107,29MAY2009,MSFT,20.89000,0.037512,,0.067774,0.065124
10107,30JUN2009,MSFT,23.77000,0.137865,,-0.003099,-0.005042
10107,31JUL2009,MSFT,23.52000,-0.010517,,0.081752,0.080331
10107,31AUG2009,MSFT,24.65000,0.053571,,0.031469,0.029310
10107,30SEP2009,MSFT,25.72000,0.043408,,0.045216,0.043576
10107,30OCT2009,MSFT,27.73000,0.078149,,-0.027971,-0.029227
10107,30NOV2009,MSFT,29.41000,0.065272,,0.057117,0.054661
10107,31DEC2009,MSFT,30.48000,0.036382,,0.028430,0.026404
10107,29JAN2010,MSFT,28.18000,-0.075459,,-0.037098,-0.038111
10107,26FEB2010,MSFT,28.67000,0.022001,,0.034786,0.032700
10107,31MAR2010,MSFT,29.28750,0.021538,,0.063626,0.061940
10107,30APR2010,MSFT,30.53500,0.042595,,0.020063,0.018950
10107,28MAY2010,MSFT,25.80000,-0.150811,,-0.079163,-0.081251
10107,30JUN2010,MSFT,23.01000,-0.108140,,-0.050745,-0.052485
10107,30JUL2010,MSFT,25.81000,0.121686,,0.070309,0.068611
10107,31AUG2010,MSFT,23.46500,-0.085819,,-0.042844,-0.044969
10107,30SEP2010,MSFT,24.49000,0.043682,,0.091547,0.089664
10107,29OCT2010,MSFT,26.66500,0.088812,,0.038512,0.036990
10107,30NOV2010,MSFT,25.25750,-0.046784,,0.005125,0.002925
10107,31DEC2010,MSFT,27.91000,0.105018,,0.067205,0.064873
10107,31JAN2011,MSFT,27.72500,-0.006628,,0.019137,0.018182
10107,28FEB2011,MSFT,26.58000,-0.035528,,0.038175,0.036243
10107,31MAR2011,MSFT,25.39000,-0.044771,,0.003353,0.001768
10107,29APR2011,MSFT,25.92000,0.020874,,0.028667,0.027552
10107,31MAY2011,MSFT,25.01000,-0.028935,,-0.014900,-0.016907
10107,30JUN2011,MSFT,26.00000,0.039584,,-0.018388,-0.020153
10107,29JUL2011,MSFT,27.40000,0.053846,,-0.022524,-0.023665
10107,31AUG2011,MSFT,26.60000,-0.023358,,-0.057498,-0.059638
10107,30SEP2011,MSFT,24.89000,-0.064286,,-0.084863,-0.086554
10107,31OCT2011,MSFT,26.63000,0.069908,,0.114030,0.112619
10107,30NOV2011,MSFT,25.58000,-0.031919,,-0.006207,-0.008875
10107,30DEC2011,MSFT,25.96000,0.014855,,0.003696,0.001449
10107,31JAN2012,MSFT,29.53000,0.137519,,0.054095,0.052947
10107,29FEB2012,MSFT,31.74000,0.081612,,0.041239,0.038967
10107,30MAR2012,MSFT,32.25500,0.016226,,0.024004,0.022120
10107,30APR2012,MSFT,32.01500,-0.007441,,-0.006806,-0.008024
10107,31MAY2012,MSFT,29.19000,-0.081993,,-0.065574,-0.067986
10107,29JUN2012,MSFT,30.59000,0.047962,,0.038189,0.036089
10107,31JUL2012,MSFT,29.47000,-0.036613,,0.010284,0.009031
10107,31AUG2012,MSFT,30.82000,0.052596,,0.026278,0.023678
10107,28SEP2012,MSFT,29.76000,-0.034393,,0.026554,0.024613
10107,31OCT2012,MSFT,28.54000,-0.040995,,-0.014104,-0.015553
10107,30NOV2012,MSFT,26.61500,-0.059390,,0.006192,0.002951
10107,31DEC2012,MSFT,26.70970,0.003558,,0.012529,0.008978
10107,31JAN2013,MSFT,27.45000,0.027717,,0.054145,0.052937
10107,28FEB2013,MSFT,27.80000,0.021129,,0.008340,0.006136
10107,28MAR2013,MSFT,28.60500,0.028957,,0.035294,0.033528
10107,30APR2013,MSFT,33.10000,0.157140,,0.014947,0.013770
10107,31MAY2013,MSFT,34.90000,0.061329,,0.019074,0.016515
10107,28JUN2013,MSFT,34.54500,-0.010172,,-0.015036,-0.017051
10107,31JUL2013,MSFT,31.84000,-0.078304,,0.052717,0.051280
10107,30AUG2013,MSFT,33.40000,0.056219,,-0.025727,-0.027904
10107,30SEP2013,MSFT,33.28000,-0.003593,,0.037470,0.035676
10107,31OCT2013,MSFT,35.40500,0.063852,,0.039895,0.038608
10107,29NOV2013,MSFT,38.13000,0.084875,,0.024966,0.022842
10107,31DEC2013,MSFT,37.41000,-0.018883,,0.026140,0.024086
10107,31JAN2014,MSFT,37.84000,0.011494,,-0.029987,-0.031093
10107,28FEB2014,MSFT,38.31000,0.019820,,0.046186,0.043951
10107,31MAR2014,MSFT,40.99000,0.069956,,0.004501,0.002784
10107,30APR2014,MSFT,40.40000,-0.014394,,0.001670,0.000506
10107,30MAY2014,MSFT,40.94000,0.020297,,0.020223,0.018015
10107,30JUN2014,MSFT,41.70000,0.018564,,0.027961,0.025977
10107,31JUL2014,MSFT,43.16000,0.035012,,-0.020537,-0.021832
10107,29AUG2014,MSFT,45.43000,0.059082,,0.040207,0.038204
10107,30SEP2014,MSFT,46.36000,0.020471,,-0.025132,-0.026826
10107,31OCT2014,MSFT,46.95000,0.012726,,0.021196,0.019948
10107,28NOV2014,MSFT,47.81000,0.024920,,0.021159,0.018994
10107,31DEC2014,MSFT,46.45000,-0.028446,,-0.003622,-0.005756
10107,30JAN2015,MSFT,40.40000,-0.130248,,-0.027201,-0.028273
10107,27FEB2015,MSFT,43.85000,0.093069,,0.056021,0.053683
10107,31MAR2015,MSFT,40.65500,-0.072862,,-0.010453,-0.012270
10107,30APR2015,MSFT,48.64000,0.196409,,0.008716,0.007567
10107,29MAY2015,MSFT,46.86000,-0.030222,,0.010345,0.008186
10107,30JUN2015,MSFT,44.15000,-0.057832,,-0.019262,-0.021204
10107,31JUL2015,MSFT,46.70000,0.057758,,0.012113,0.010900
10107,31AUG2015,MSFT,43.52000,-0.061456,,-0.060046,-0.062111
10107,30SEP2015,MSFT,44.26000,0.017004,,-0.033769,-0.035704
10107,30OCT2015,MSFT,52.64000,0.189336,,0.074022,0.072627
10107,30NOV2015,MSFT,54.35000,0.039324,,0.002449,0.000183
10107,31DEC2015,MSFT,55.48000,0.020791,,-0.022288,-0.024527
10107,29JAN2016,MSFT,55.09000,-0.007030,,-0.057094,-0.058264
10107,29FEB2016,MSFT,50.88000,-0.069886,,0.000687,-0.001735
10107,31MAR2016,MSFT,55.23000,0.085495,,0.070517,0.068145
10107,29APR2016,MSFT,49.87000,-0.097049,,0.011817,0.010582
10107,31MAY2016,MSFT,53.00000,0.069982,,0.014316,0.011905
10107,30JUN2016,MSFT,51.17000,-0.034528,,0.003110,0.001037
10107,29JUL2016,MSFT,56.68000,0.107680,,0.038775,0.037528
10107,31AUG2016,MSFT,57.46000,0.020113,,0.002789,0.000453
10107,30SEP2016,MSFT,57.60000,0.002436,,0.003017,0.001240
10107,31OCT2016,MSFT,59.92000,0.040278,,-0.021594,-0.022839
10107,30NOV2016,MSFT,60.26000,0.012183,,0.040491,0.038046
10107,30DEC2016,MSFT,62.14000,0.031198,,0.018792,0.016652
10107,31JAN2017,MSFT,64.65000,0.040393,,0.022190,0.021166
10107,28FEB2017,MSFT,63.98000,-0.004331,,0.032664,0.030563
10107,31MAR2017,MSFT,65.86000,0.029384,,0.002092,0.000220
10107,28APR2017,MSFT,68.46000,0.039478,,0.009615,0.008496
10107,31MAY2017,MSFT,69.84000,0.025854,,0.009335,0.006989
10107,30JUN2017,MSFT,68.93000,-0.013030,,0.009470,0.007586
10107,31JUL2017,MSFT,72.70000,0.054693,,0.020329,0.018945
10107,31AUG2017,MSFT,74.77000,0.033838,,0.001589,-0.000647
10107,29SEP2017,MSFT,74.49000,-0.003745,,0.023733,0.022128
10107,31OCT2017,MSFT,83.18000,0.116660,,0.019282,0.018180
10107,30NOV2017,MSFT,84.17000,0.016951,,0.027309,0.024984
10107,29DEC2017,MSFT,85.54000,0.016277,,0.012173,0.010316
10107,31JAN2018,MSFT,95.01000,0.110708,,0.050657,0.049703
10107,28FEB2018,MSFT,93.77000,-0.008631,,-0.039464,-0.041331
10107,29MAR2018,MSFT,91.27000,-0.026661,,-0.018434,-0.020303
10107,30APR2018,MSFT,93.52000,0.024652,,0.004769,0.003660
10107,31MAY2018,MSFT,98.84000,0.061377,,0.026169,0.023877
10107,29JUN2018,MSFT,98.61000,-0.002327,,0.005335,0.003550
10107,31JUL2018,MSFT,106.08000,0.075753,,0.031603,0.030466
10107,31AUG2018,MSFT,112.33000,0.062877,,0.030221,0.027755
10107,28SEP2018,MSFT,114.37000,0.018161,,0.000446,-0.001189
10107,31OCT2018,MSFT,106.81000,-0.066101,,-0.074032,-0.075100
10107,30NOV2018,MSFT,110.89000,0.042505,,0.018535,0.016198
10107,31DEC2018,MSFT,101.57000,-0.084047,,-0.089807,-0.092043
10107,31JAN2019,MSFT,104.43000,0.028158,,0.088276,0.087048
10107,28FEB2019,MSFT,112.03000,0.077181,,0.032716,0.030660
10107,29MAR2019,MSFT,117.94000,0.052754,,0.012978,0.011155
10107,30APR2019,MSFT,130.60001,0.107343,,0.037882,0.036688
10107,31MAY2019,MSFT,123.68000,-0.049464,,-0.061653,-0.063869
10107,28JUN2019,MSFT,133.96001,0.083118,,0.067271,0.065273
10107,31JUL2019,MSFT,136.27000,0.017244,,0.011882,0.010728
10107,30AUG2019,MSFT,137.86000,0.015044,,-0.020271,-0.022301
10107,30SEP2019,MSFT,139.03000,0.008487,,0.016024,0.014162
10107,31OCT2019,MSFT,143.37000,0.031216,,0.019265,0.018094
10107,29NOV2019,MSFT,151.38000,0.059427,,0.034971,0.032961
10107,31DEC2019,MSFT,157.70000,0.041749,,0.028448,0.026200
12490,31JAN2007,IBM,99.15000,0.020587,,0.019397,0.018461
12490,28FEB2007,IBM,92.94000,-0.059607,,-0.013988,-0.015979
12490,30MAR2007,IBM,94.26000,0.014203,,0.012950,0.011475
12490,30APR2007,IBM,102.21000,0.084341,,0.039815,0.038449
12490,31MAY2007,IBM,106.60000,0.046864,,0.038932,0.036643
12490,29JUN2007,IBM,105.25000,-0.012664,,-0.014765,-0.016128
12490,31JUL2007,IBM,110.65000,0.051306,,-0.031760,-0.032764
12490,31AUG2007,IBM,116.69000,0.058202,,0.011630,0.009677
12490,28SEP2007,IBM,117.80000,0.009512,,0.040842,0.039325
12490,31OCT2007,IBM,116.12000,-0.014261,,0.025796,0.024655
12490,30NOV2007,IBM,105.18000,-0.090768,,-0.049327,-0.051276
12490,31DEC2007,IBM,108.10000,0.027762,,-0.004423,-0.006511
12490,31JAN2008,IBM,107.11000,-0.009158,,-0.062138,-0.063243
12490,29FEB2008,IBM,113.86000,0.066754,,-0.021663,-0.023605
12490,31MAR2008,IBM,115.14000,0.011242,,-0.010421,-0.012160
12490,30APR2008,IBM,120.70000,0.048289,,0.051060,0.049736
12490,30MAY2008,IBM,129.42999,0.076471,,0.023808,0.021494
12490,30JUN2008,IBM,118.53000,-0.084215,,-0.078426,-0.080241
12490,31JUL2008,IBM,127.98000,0.079727,,-0.013341,-0.014690
12490,29AUG2008,IBM,121.73000,-0.044929,,0.010566,0.008576
12490,30SEP2008,IBM,116.96000,-0.039185,,-0.097980,-0.099770
12490,31OCT2008,IBM,92.97000,-0.205113,,-0.184648,-0.186136
12490,28NOV2008,IBM,81.60000,-0.116919,,-0.084615,-0.087354
12490,31DEC2008,IBM,84.16000,0.031373,,0.022154,0.019087
12490,30JAN2009,IBM,91.65000,0.088997,,-0.077315,-0.078709
12490,27FEB2009,IBM,92.03000,0.009602,,-0.100271,-0.103457
12490,31MAR2009,IBM,96.89000,0.052809,,0.086748,0.083489
12490,30APR2009,IBM,103.21000,0.065229,,0.109352,0.107516
12490,29MAY2009,IBM,106.28000,0.035074,,0.067774,0.065124
12490,30JUN2009,IBM,104.42000,-0.017501,,-0.003099,-0.005042
12490,31JUL2009,IBM,117.93000,0.129381,,0.081752,0.080331
12490,31AUG2009,IBM,118.05000,0.005681,,0.031469,0.029310
12490,30SEP2009,IBM,119.61000,0.013215,,0.045216,0.043576
12490,30OCT2009,IBM,120.61000,0.008361,,-0.027971,-0.029227
12490,30NOV2009,IBM,126.35000,0.052152,,0.057117,0.054661
12490,31DEC2009,IBM,130.89999,0.036011,,0.028430,0.026404
12490,29JAN2010,IBM,122.39000,-0.065011,,-0.037098,-0.038111
12490,26FEB2010,IBM,127.16000,0.043468,,0.034786,0.032700
12490,31MAR2010,IBM,128.25000,0.008572,,0.063626,0.061940
12490,30APR2010,IBM,129.00000,0.005848,,0.020063,0.018950
12490,28MAY2010,IBM,125.26000,-0.023953,,-0.079163,-0.081251
12490,30JUN2010,IBM,123.48000,-0.014210,,-0.050745,-0.052485
12490,30JUL2010,IBM,128.39999,0.039844,,0.070309,0.068611
12490,31AUG2010,IBM,123.13000,-0.035981,,-0.042844,-0.044969
12490,30SEP2010,IBM,134.14000,0.089418,,0.091547,0.089664
12490,29OCT2010,IBM,143.60001,0.070523,,0.038512,0.036990
12490,30NOV2010,IBM,141.46001,-0.010376,,0.005125,0.002925
12490,31DEC2010,IBM,146.75999,0.037466,,0.067205,0.064873
12490,31JAN2011,IBM,162.00000,0.103843,,0.019137,0.018182
12490,28FEB2011,IBM,161.88000,0.003272,,0.038175,0.036243
12490,31MAR2011,IBM,163.07001,0.007351,,0.003353,0.001768
12490,29APR2011,IBM,170.58000,0.046054,,0.028667,0.027552
12490,31MAY2011,IBM,168.92999,-0.005276,,-0.014900,-0.016907
12490,30JUN2011,IBM,171.55000,0.015509,,-0.018388,-0.020153
12490,29JUL2011,IBM,181.85001,0.060041,,-0.022524,-0.023665
12490,31AUG2011,IBM,171.91000,-0.050536,,-0.057498,-0.059638
12490,30SEP2011,IBM,174.87000,0.017218,,-0.084863,-0.086554
12490,31OCT2011,IBM,184.63000,0.055813,,0.114030,0.112619
12490,30NOV2011,IBM,188.00000,0.022315,,-0.006207,-0.008875
12490,30DEC2011,IBM,183.88000,-0.021915,,0.003696,0.001449
12490,31JAN2012,IBM,192.60001,0.047422,,0.054095,0.052947
12490,29FEB2012,IBM,196.73000,0.025337,,0.041239,0.038967
12490,30MAR2012,IBM,208.64999,0.060591,,0.024004,0.022120
12490,30APR2012,IBM,207.08000,-0.007525,,-0.006806,-0.008024
12490,31MAY2012,IBM,192.89999,-0.064371,,-0.065574,-0.067986
12490,29JUN2012,IBM,195.58000,0.013893,,0.038189,0.036089
12490,31JUL2012,IBM,195.98000,0.002045,,0.010284,0.009031
12490,31AUG2012,IBM,194.85001,-0.001429,,0.026278,0.023678
12490,28SEP2012,IBM,207.45000,0.064665,,0.026554,0.024613
12490,31OCT2012,IBM,194.53000,-0.062280,,-0.014104,-0.015553
12490,30NOV2012,IBM,190.07001,-0.018558,,0.006192,0.002951
12490,31DEC2012,IBM,191.55000,0.007787,,0.012529,0.008978
12490,31JAN2013,IBM,203.07001,0.060141,,0.054145,0.052937
12490,28FEB2013,IBM,200.83000,-0.006845,,0.008340,0.006136
12490,28MAR2013,IBM,213.30000,0.062092,,0.035294,0.033528
12490,30APR2013,IBM,202.53999,-0.050445,,0.014947,0.013770
12490,31MAY2013,IBM,208.02000,0.031747,,0.019074,0.016515
12490,28JUN2013,IBM,191.11000,-0.081290,,-0.015036,-0.017051
12490,31JUL2013,IBM,195.03999,0.020564,,0.052717,0.051280
12490,30AUG2013,IBM,182.27000,-0.060603,,-0.025727,-0.027904
12490,30SEP2013,IBM,185.17999,0.015965,,0.037470,0.035676
12490,31OCT2013,IBM,179.21001,-0.032239,,0.039895,0.038608
12490,29NOV2013,IBM,179.67999,0.007924,,0.024966,0.022842
12490,31DEC2013,IBM,187.57001,0.043911,,0.026140,0.024086
12490,31JAN2014,IBM,176.67999,-0.058058,,-0.029987,-0.031093
12490,28FEB2014,IBM,185.17000,0.053430,,0.046186,0.043951
12490,31MAR2014,IBM,192.49001,0.039531,,0.004501,0.002784
12490,30APR2014,IBM,196.47000,0.020676,,0.001670,0.000506
12490,30MAY2014,IBM,184.36000,-0.056039,,0.020223,0.018015
12490,30JUN2014,IBM,181.27000,-0.016761,,0.027961,0.025977
12490,31JUL2014,IBM,191.67000,0.057373,,-0.020537,-0.021832
12490,29AUG2014,IBM,192.30000,0.009026,,0.040207,0.038204
12490,30SEP2014,IBM,189.83000,-0.012845,,-0.025132,-0.026826
12490,31OCT2014,IBM,164.39999,-0.133962,,0.021196,0.019948
12490,28NOV2014,IBM,162.17000,-0.006873,,0.021159,0.018994
12490,31DEC2014,IBM,160.44000,-0.010668,,-0.003622,-0.005756
12490,30JAN2015,IBM,153.31000,-0.044440,,-0.027201,-0.028273
12490,27FEB2015,IBM,161.94000,0.063466,,0.056021,0.053683
12490,31MAR2015,IBM,160.50000,-0.008892,,-0.010453,-0.012270
12490,30APR2015,IBM,171.28999,0.067227,,0.008716,0.007567
12490,29MAY2015,IBM,169.64999,-0.001985,,0.010345,0.008186
12490,30JUN2015,IBM,162.66000,-0.041202,,-0.019262,-0.021204
12490,31JUL2015,IBM,161.99001,-0.004119,,0.012113,0.010900
12490,31AUG2015,IBM,147.89000,-0.079017,,-0.060046,-0.062111
12490,30SEP2015,IBM,144.97000,-0.019744,,-0.033769,-0.035704
12490,30OCT2015,IBM,140.08000,-0.033731,,0.074022,0.072627
12490,30NOV2015,IBM,139.42000,0.004569,,0.002449,0.000183
12490,31DEC2015,IBM,137.62000,-0.012911,,-0.022288,-0.024527
12490,29JAN2016,IBM,124.79000,-0.093228,,-0.057094,-0.058264
12490,29FEB2016,IBM,131.03000,0.060421,,0.000687,-0.001735
12490,31MAR2016,IBM,151.45000,0.155842,,0.070517,0.068145
12490,29APR2016,IBM,145.94000,-0.036382,,0.011817,0.010582
12490,31MAY2016,IBM,153.74001,0.063040,,0.014316,0.011905
12490,30JUN2016,IBM,151.78000,-0.012749,,0.003110,0.001037
12490,29JUL2016,IBM,160.62000,0.058242,,0.038775,0.037528
12490,31AUG2016,IBM,158.88000,-0.002117,,0.002789,0.000453
12490,30SEP2016,IBM,158.85001,-0.000189,,0.003017,0.001240
12490,31OCT2016,IBM,153.69000,-0.032483,,-0.021594,-0.022839
12490,30NOV2016,IBM,162.22000,0.064611,,0.040491,0.038046
12490,30DEC2016,IBM,165.99001,0.023240,,0.018792,0.016652
12490,31JAN2017,IBM,174.52000,0.051389,,0.022190,0.021166
12490,28FEB2017,IBM,179.82001,0.038391,,0.032664,0.030563
12490,31MAR2017,IBM,174.14000,-0.031587,,0.002092,0.000220
12490,28APR2017,IBM,160.28999,-0.079534,,0.009615,0.008496
12490,31MAY2017,IBM,152.63000,-0.038430,,0.009335,0.006989
12490,30JUN2017,IBM,153.83000,0.007862,,0.009470,0.007586
12490,31JUL2017,IBM,144.67000,-0.059546,,0.020329,0.018945
12490,31AUG2017,IBM,143.03000,-0.000968,,0.001589,-0.000647
12490,29SEP2017,IBM,145.08000,0.014333,,0.023733,0.022128
12490,31OCT2017,IBM,154.06000,0.061897,,0.019282,0.018180
12490,30NOV2017,IBM,153.97000,0.009152,,0.027309,0.024984
12490,29DEC2017,IBM,153.42000,-0.003572,,0.012173,0.010316
12490,31JAN2018,IBM,163.70000,0.067006,,0.050657,0.049703
12490,28FEB2018,IBM,155.83000,-0.038913,,-0.039464,-0.041331
12490,29MAR2018,IBM,153.42999,-0.015401,,-0.018434,-0.020303
12490,30APR2018,IBM,144.96001,-0.055204,,0.004769,0.003660
12490,31MAY2018,IBM,141.31000,-0.014349,,0.026169,0.023877
12490,29JUN2018,IBM,139.70000,-0.011393,,0.005335,0.003550
12490,31JUL2018,IBM,144.92999,0.037437,,0.031603,0.030466
12490,31AUG2018,IBM,146.48000,0.021528,,0.030221,0.027755
12490,28SEP2018,IBM,151.21001,0.032291,,0.000446,-0.001189
12490,31OCT2018,IBM,115.43000,-0.236625,,-0.074032,-0.075100
12490,30NOV2018,IBM,124.27000,0.090184,,0.018535,0.016198
12490,31DEC2018,IBM,113.67000,-0.085298,,-0.089807,-0.092043
12490,31JAN2019,IBM,134.42000,0.182546,,0.088276,0.087048
12490,28FEB2019,IBM,138.13000,0.039280,,0.032716,0.030660
12490,29MAR2019,IBM,141.10001,0.021501,,0.012978,0.011155
12490,30APR2019,IBM,140.27000,-0.005882,,0.037882,0.036688
12490,31MAY2019,IBM,126.99000,-0.083125,,-0.061653,-0.063869
12490,28JUN2019,IBM,137.89999,0.085912,,0.067271,0.065273
12490,31JUL2019,IBM,148.24001,0.074982,,0.011882,0.010728
12490,30AUG2019,IBM,135.53000,-0.074811,,-0.020271,-0.022301
12490,30SEP2019,IBM,145.42000,0.072973,,0.016024,0.014162
12490,31OCT2019,IBM,133.73000,-0.080388,,0.019265,0.018094
12490,29NOV2019,IBM,134.45000,0.017498,,0.034971,0.032961
12490,31DEC2019,IBM,134.03999,-0.003049,,0.028448,0.026200
13407,30APR2012,,,,,-0.006806,-0.008024
13407,31MAY2012,FB,29.60000,C,,-0.065574,-0.067986
13407,29JUN2012,FB,31.09500,0.050507,,0.038189,0.036089
13407,31JUL2012,FB,21.71000,-0.301817,,0.010284,0.009031
13407,31AUG2012,FB,18.05800,-0.168217,,0.026278,0.023678
13407,28SEP2012,FB,21.66000,0.199468,,0.026554,0.024613
13407,31OCT2012,FB,21.11000,-0.025392,,-0.014104,-0.015553
13407,30NOV2012,FB,28.00000,0.326386,,0.006192,0.002951
13407,31DEC2012,FB,26.61970,-0.049296,,0.012529,0.008978
13407,31JAN2013,FB,30.98100,0.163837,,0.054145,0.052937
13407,28FEB2013,FB,27.25000,-0.120429,,0.008340,0.006136
13407,28MAR2013,FB,25.58000,-0.061284,,0.035294,0.033528
13407,30APR2013,FB,27.76900,0.085575,,0.014947,0.013770
13407,31MAY2013,FB,24.34800,-0.123195,,0.019074,0.016515
13407,28JUN2013,FB,24.88000,0.021850,,-0.015036,-0.017051
13407,31JUL2013,FB,36.80000,0.479100,,0.052717,0.051280
13407,30AUG2013,FB,41.29400,0.122120,,-0.025727,-0.027904
13407,30SEP2013,FB,50.23000,0.216400,,0.037470,0.035676
13407,31OCT2013,FB,50.20500,-0.000498,,0.039895,0.038608
13407,29NOV2013,FB,47.01000,-0.063639,,0.024966,0.022842
13407,31DEC2013,FB,54.64900,0.162497,,0.026140,0.024086
13407,31JAN2014,FB,62.57000,0.144943,,-0.029987,-0.031093
13407,28FEB2014,FB,68.46000,0.094135,,0.046186,0.043951
13407,31MAR2014,FB,60.24000,-0.120070,,0.004501,0.002784
13407,30APR2014,FB,59.78000,-0.007636,,0.001670,0.000506
13407,30MAY2014,FB,63.30000,0.058883,,0.020223,0.018015
13407,30JUN2014,FB,67.29000,0.063033,,0.027961,0.025977
13407,31JUL2014,FB,72.65000,0.079655,,-0.020537,-0.021832
13407,29AUG2014,FB,74.82000,0.029869,,0.040207,0.038204
13407,30SEP2014,FB,79.04000,0.056402,,-0.025132,-0.026826
13407,31OCT2014,FB,74.99000,-0.051240,,0.021196,0.019948
13407,28NOV2014,FB,77.70000,0.036138,,0.021159,0.018994
13407,31DEC2014,FB,78.02000,0.004118,,-0.003622,-0.005756
13407,30JAN2015,FB,75.91000,-0.027044,,-0.027201,-0.028273
13407,27FEB2015,FB,78.97000,0.040311,,0.056021,0.053683
13407,31MAR2015,FB,82.21500,0.041091,,-0.010453,-0.012270
13407,30APR2015,FB,78.77000,-0.041902,,0.008716,0.007567
13407,29MAY2015,FB,79.19000,0.005332,,0.010345,0.008186
13407,30JUN2015,FB,85.76500,0.083028,,-0.019262,-0.021204
13407,31JUL2015,FB,94.01000,0.096135,,0.012113,0.010900
13407,31AUG2015,FB,89.43000,-0.048718,,-0.060046,-0.062111
13407,30SEP2015,FB,89.90000,0.005256,,-0.033769,-0.035704
13407,30OCT2015,FB,101.97000,0.134260,,0.074022,0.072627
13407,30NOV2015,FB,104.24000,0.022261,,0.002449,0.000183
13407,31DEC2015,FB,104.66000,0.004029,,-0.022288,-0.024527
13407,29JAN2016,FB,112.21000,0.072138,,-0.057094,-0.058264
13407,29FEB2016,FB,106.92000,-0.047144,,0.000687,-0.001735
13407,31MAR2016,FB,114.10000,0.067153,,0.070517,0.068145
13407,29APR2016,FB,117.58000,0.030500,,0.011817,0.010582
13407,31MAY2016,FB,118.81000,0.010461,,0.014316,0.011905
13407,30JUN2016,FB,114.28000,-0.038128,,0.003110,0.001037
13407,29JUL2016,FB,123.94000,0.084529,,0.038775,0.037528
13407,31AUG2016,FB,126.12000,0.017589,,0.002789,0.000453
13407,30SEP2016,FB,128.27000,0.017047,,0.003017,0.001240
13407,31OCT2016,FB,130.99001,0.021205,,-0.021594,-0.022839
13407,30NOV2016,FB,118.42000,-0.095962,,0.040491,0.038046
13407,30DEC2016,FB,115.05000,-0.028458,,0.018792,0.016652
13407,31JAN2017,FB,130.32001,0.132725,,0.022190,0.021166
13407,28FEB2017,FB,135.53999,0.040055,,0.032664,0.030563
13407,31MAR2017,FB,142.05000,0.048030,,0.002092,0.000220
13407,28APR2017,FB,150.25000,0.057726,,0.009615,0.008496
13407,31MAY2017,FB,151.46001,0.008053,,0.009335,0.006989
13407,30JUN2017,FB,150.98000,-0.003169,,0.009470,0.007586
13407,31JUL2017,FB,169.25000,0.121009,,0.020329,0.018945
13407,31AUG2017,FB,171.97000,0.016071,,0.001589,-0.000647
13407,29SEP2017,FB,170.87000,-0.006396,,0.023733,0.022128
13407,31OCT2017,FB,180.06000,0.053784,,0.019282,0.018180
13407,30NOV2017,FB,177.17999,-0.015995,,0.027309,0.024984
13407,29DEC2017,FB,176.46001,-0.004064,,0.012173,0.010316
13407,31JAN2018,FB,186.89000,0.059107,,0.050657,0.049703
13407,28FEB2018,FB,178.32001,-0.045856,,-0.039464,-0.041331
13407,29MAR2018,FB,159.78999,-0.103914,,-0.018434,-0.020303
13407,30APR2018,FB,172.00000,0.076413,,0.004769,0.003660
13407,31MAY2018,FB,191.78000,0.115000,,0.026169,0.023877
13407,29JUN2018,FB,194.32001,0.013244,,0.005335,0.003550
13407,31JUL2018,FB,172.58000,-0.111877,,0.031603,0.030466
13407,31AUG2018,FB,175.73000,0.018252,,0.030221,0.027755
13407,28SEP2018,FB,164.46001,-0.064132,,0.000446,-0.001189
13407,31OCT2018,FB,151.78999,-0.077040,,-0.074032,-0.075100
13407,30NOV2018,FB,140.61000,-0.073654,,0.018535,0.016198
13407,31DEC2018,FB,131.09000,-0.067705,,-0.089807,-0.092043
13407,31JAN2019,FB,166.69000,0.271569,,0.088276,0.087048
13407,28FEB2019,FB,161.45000,-0.031436,,0.032716,0.030660
13407,29MAR2019,FB,166.69000,0.032456,,0.012978,0.011155
13407,30APR2019,FB,193.39999,0.160238,,0.037882,0.036688
13407,31MAY2019,FB,177.47000,-0.082368,,-0.061653,-0.063869
13407,28JUN2019,FB,193.00000,0.087508,,0.067271,0.065273
13407,31JUL2019,FB,194.23000,0.006373,,0.011882,0.010728
13407,30AUG2019,FB,185.67000,-0.044071,,-0.020271,-0.022301
13407,30SEP2019,FB,178.08000,-0.040879,,0.016024,0.014162
13407,31OCT2019,FB,191.64999,0.076202,,0.019265,0.018094
13407,29NOV2019,FB,201.64000,0.052126,,0.034971,0.032961
13407,31DEC2019,FB,205.25000,0.017903,,0.028448,0.026200
14295,31OCT2013,,,,,0.039895,0.038608
14295,29NOV2013,TWTR,41.57000,C,,0.024966,0.022842
14295,31DEC2013,TWTR,63.65000,0.531152,,0.026140,0.024086
14295,31JAN2014,TWTR,64.50000,0.013354,,-0.029987,-0.031093
14295,28FEB2014,TWTR,54.91000,-0.148682,,0.046186,0.043951
14295,31MAR2014,TWTR,46.67000,-0.150064,,0.004501,0.002784
14295,30APR2014,TWTR,38.97000,-0.164988,,0.001670,0.000506
14295,30MAY2014,TWTR,32.44000,-0.167565,,0.020223,0.018015
14295,30JUN2014,TWTR,40.97000,0.262947,,0.027961,0.025977
14295,31JUL2014,TWTR,45.19000,0.103002,,-0.020537,-0.021832
14295,29AUG2014,TWTR,49.75000,0.100907,,0.040207,0.038204
14295,30SEP2014,TWTR,51.58000,0.036784,,-0.025132,-0.026826
14295,31OCT2014,TWTR,41.47000,-0.196006,,0.021196,0.019948
14295,28NOV2014,TWTR,41.74000,0.006511,,0.021159,0.018994
14295,31DEC2014,TWTR,35.87000,-0.140633,,-0.003622,-0.005756
14295,30JAN2015,TWTR,37.53000,0.046278,,-0.027201,-0.028273
14295,27FEB2015,TWTR,48.08000,0.281109,,0.056021,0.053683
14295,31MAR2015,TWTR,50.08000,0.041597,,-0.010453,-0.012270
14295,30APR2015,TWTR,38.96000,-0.222045,,0.008716,0.007567
14295,29MAY2015,TWTR,36.67000,-0.058778,,0.010345,0.008186
14295,30JUN2015,TWTR,36.22000,-0.012272,,-0.019262,-0.021204
14295,31JUL2015,TWTR,31.01000,-0.143843,,0.012113,0.010900
14295,31AUG2015,TWTR,27.79000,-0.103837,,-0.060046,-0.062111
14295,30SEP2015,TWTR,26.94000,-0.030587,,-0.033769,-0.035704
14295,30OCT2015,TWTR,28.46000,0.056422,,0.074022,0.072627
14295,30NOV2015,TWTR,25.40000,-0.107519,,0.002449,0.000183
14295,31DEC2015,TWTR,23.14000,-0.088976,,-0.022288,-0.024527
14295,29JAN2016,TWTR,16.80000,-0.273984,,-0.057094,-0.058264
14295,29FEB2016,TWTR,18.12000,0.078572,,0.000687,-0.001735
14295,31MAR2016,TWTR,16.55000,-0.086645,,0.070517,0.068145
14295,29APR2016,TWTR,14.62000,-0.116616,,0.011817,0.010582
14295,31MAY2016,TWTR,15.22000,0.041040,,0.014316,0.011905
14295,30JUN2016,TWTR,16.91000,0.111038,,0.003110,0.001037
14295,29JUL2016,TWTR,16.64000,-0.015967,,0.038775,0.037528
14295,31AUG2016,TWTR,19.21000,0.154447,,0.002789,0.000453
14295,30SEP2016,TWTR,23.05000,0.199896,,0.003017,0.001240
14295,31OCT2016,TWTR,17.95000,-0.221258,,-0.021594,-0.022839
14295,30NOV2016,TWTR,18.49000,0.030084,,0.040491,0.038046
14295,30DEC2016,TWTR,16.30000,-0.118442,,0.018792,0.016652
14295,31JAN2017,TWTR,17.62000,0.080982,,0.022190,0.021166
14295,28FEB2017,TWTR,15.77000,-0.104994,,0.032664,0.030563
14295,31MAR2017,TWTR,14.95000,-0.051998,,0.002092,0.000220
14295,28APR2017,TWTR,16.48000,0.102341,,0.009615,0.008496
14295,31MAY2017,TWTR,18.32000,0.111650,,0.009335,0.006989
14295,30JUN2017,TWTR,17.87000,-0.024563,,0.009470,0.007586
14295,31JUL2017,TWTR,16.09000,-0.099608,,0.020329,0.018945
14295,31AUG2017,TWTR,16.91000,0.050963,,0.001589,-0.000647
14295,29SEP2017,TWTR,16.87000,-0.002365,,0.023733,0.022128
14295,31OCT2017,TWTR,20.62000,0.222288,,0.019282,0.018180
14295,30NOV2017,TWTR,20.58000,-0.001940,,0.027309,0.024984
14295,29DEC2017,TWTR,24.01000,0.166667,,0.012173,0.010316
14295,31JAN2018,TWTR,25.81000,0.074969,,0.050657,0.049703
14295,28FEB2018,TWTR,31.86000,0.234405,,-0.039464,-0.041331
14295,29MAR2018,TWTR,29.01000,-0.089454,,-0.018434,-0.020303
14295,30APR2018,TWTR,30.31000,0.044812,,0.004769,0.003660
14295,31MAY2018,TWTR,34.70000,0.144837,,0.026169,0.023877
14295,29JUN2018,TWTR,43.67000,0.258501,,0.005335,0.003550
14295,31JUL2018,TWTR,31.87000,-0.270208,,0.031603,0.030466
14295,31AUG2018,TWTR,35.18000,0.103859,,0.030221,0.027755
14295,28SEP2018,TWTR,28.46000,-0.191018,,0.000446,-0.001189
14295,31OCT2018,TWTR,34.75000,0.221012,,-0.074032,-0.075100
14295,30NOV2018,TWTR,31.45000,-0.094964,,0.018535,0.016198
14295,31DEC2018,TWTR,28.74000,-0.086169,,-0.089807,-0.092043
14295,31JAN2019,TWTR,33.56000,0.167711,,0.088276,0.087048
14295,28FEB2019,TWTR,30.78000,-0.082837,,0.032716,0.030660
14295,29MAR2019,TWTR,32.88000,0.068226,,0.012978,0.011155
14295,30APR2019,TWTR,39.91000,0.213808,,0.037882,0.036688
14295,31MAY2019,TWTR,36.44000,-0.086946,,-0.061653,-0.063869
14295,28JUN2019,TWTR,34.90000,-0.042261,,0.067271,0.065273
14295,31JUL2019,TWTR,42.31000,0.212321,,0.011882,0.010728
14295,30AUG2019,TWTR,42.65000,0.008036,,-0.020271,-0.022301
14295,30SEP2019,TWTR,41.20000,-0.033998,,0.016024,0.014162
14295,31OCT2019,TWTR,29.97000,-0.272573,,0.019265,0.018094
14295,29NOV2019,TWTR,30.91000,0.031365,,0.034971,0.032961
14295,31DEC2019,TWTR,32.05000,0.036881,,0.028448,0.026200
14542,31MAR2014,,,,,0.004501,0.002784
14542,30APR2014,GOOG,526.65997,C,,0.001670,0.000506
14542,30MAY2014,GOOG,559.89001,0.063096,,0.020223,0.018015
14542,30JUN2014,GOOG,575.28003,0.027488,,0.027961,0.025977
14542,31JUL2014,GOOG,571.59998,-0.006397,,-0.020537,-0.021832
14542,29AUG2014,GOOG,571.59998,0.000000,,0.040207,0.038204
14542,30SEP2014,GOOG,577.35999,0.010077,,-0.025132,-0.026826
14542,31OCT2014,GOOG,559.08002,-0.031661,,0.021196,0.019948
14542,28NOV2014,GOOG,541.83002,-0.030854,,0.021159,0.018994
14542,31DEC2014,GOOG,526.40002,-0.028478,,-0.003622,-0.005756
14542,30JAN2015,GOOG,534.52002,0.015426,,-0.027201,-0.028273
14542,27FEB2015,GOOG,558.40002,0.044676,,0.056021,0.053683
14542,31MAR2015,GOOG,548.00000,-0.018625,,-0.010453,-0.012270
14542,30APR2015,GOOG,537.34003,-0.016760,,0.008716,0.007567
14542,29MAY2015,GOOG,532.10999,-0.009733,,0.010345,0.008186
14542,30JUN2015,GOOG,520.51001,-0.021800,,-0.019262,-0.021204
14542,31JUL2015,GOOG,625.60999,0.201917,,0.012113,0.010900
14542,31AUG2015,GOOG,618.25000,-0.011764,,-0.060046,-0.062111
14542,30SEP2015,GOOG,608.41998,-0.015900,,-0.033769,-0.035704
14542,30OCT2015,GOOG,710.81000,0.168288,,0.074022,0.072627
14542,30NOV2015,GOOG,742.59998,0.044724,,0.002449,0.000183
14542,31DEC2015,GOOG,758.88000,0.021923,,-0.022288,-0.024527
14542,29JAN2016,GOOG,742.95001,-0.020991,,-0.057094,-0.058264
14542,29FEB2016,GOOG,697.77002,-0.060812,,0.000687,-0.001735
14542,31MAR2016,GOOG,744.95001,0.067615,,0.070517,0.068145
14542,29APR2016,GOOG,693.01001,-0.069723,,0.011817,0.010582
14542,31MAY2016,GOOG,735.71997,0.061630,,0.014316,0.011905
14542,30JUN2016,GOOG,692.09998,-0.059289,,0.003110,0.001037
14542,29JUL2016,GOOG,768.78998,0.110808,,0.038775,0.037528
14542,31AUG2016,GOOG,767.04999,-0.002263,,0.002789,0.000453
14542,30SEP2016,GOOG,777.28998,0.013350,,0.003017,0.001240
14542,31OCT2016,GOOG,784.53998,0.009327,,-0.021594,-0.022839
14542,30NOV2016,GOOG,758.03998,-0.033778,,0.040491,0.038046
14542,30DEC2016,GOOG,771.82001,0.018179,,0.018792,0.016652
14542,31JAN2017,GOOG,796.78998,0.032352,,0.022190,0.021166
14542,28FEB2017,GOOG,823.21002,0.033158,,0.032664,0.030563
14542,31MAR2017,GOOG,829.56000,0.007714,,0.002092,0.000220
14542,28APR2017,GOOG,905.96002,0.092097,,0.009615,0.008496
14542,31MAY2017,GOOG,964.85999,0.065014,,0.009335,0.006989
14542,30JUN2017,GOOG,908.72998,-0.058174,,0.009470,0.007586
14542,31JUL2017,GOOG,930.50000,0.023957,,0.020329,0.018945
14542,31AUG2017,GOOG,939.33002,0.009490,,0.001589,-0.000647
14542,29SEP2017,GOOG,959.10999,0.021058,,0.023733,0.022128
14542,31OCT2017,GOOG,1016.64001,0.059983,,0.019282,0.018180
14542,30NOV2017,GOOG,1021.40997,0.004692,,0.027309,0.024984
14542,29DEC2017,GOOG,1046.40002,0.024466,,0.012173,0.010316
14542,31JAN2018,GOOG,1169.93994,0.118062,,0.050657,0.049703
14542,28FEB2018,GOOG,1104.72998,-0.055738,,-0.039464,-0.041331
14542,29MAR2018,GOOG,1031.79004,-0.066025,,-0.018434,-0.020303
14542,30APR2018,GOOG,1017.33002,-0.014015,,0.004769,0.003660
14542,31MAY2018,GOOG,1084.98999,0.066507,,0.026169,0.023877
14542,29JUN2018,GOOG,1115.65002,0.028258,,0.005335,0.003550
14542,31JUL2018,GOOG,1217.26001,0.091077,,0.031603,0.030466
14542,31AUG2018,GOOG,1218.18994,0.000764,,0.030221,0.027755
14542,28SEP2018,GOOG,1193.46997,-0.020292,,0.000446,-0.001189
14542,31OCT2018,GOOG,1076.77002,-0.097782,,-0.074032,-0.075100
14542,30NOV2018,GOOG,1094.43005,0.016401,,0.018535,0.016198
14542,31DEC2018,GOOG,1035.60999,-0.053745,,-0.089807,-0.092043
14542,31JAN2019,GOOG,1116.37000,0.077983,,0.088276,0.087048
14542,28FEB2019,GOOG,1119.92004,0.003180,,0.032716,0.030660
14542,29MAR2019,GOOG,1173.31006,0.047673,,0.012978,0.011155
14542,30APR2019,GOOG,1188.47998,0.012929,,0.037882,0.036688
14542,31MAY2019,GOOG,1103.63000,-0.071394,,-0.061653,-0.063869
14542,28JUN2019,GOOG,1080.91003,-0.020587,,0.067271,0.065273
14542,31JUL2019,GOOG,1216.68005,0.125607,,0.011882,0.010728
14542,30AUG2019,GOOG,1188.09998,-0.023490,,-0.020271,-0.022301
14542,30SEP2019,GOOG,1219.00000,0.026008,,0.016024,0.014162
14542,31OCT2019,GOOG,1260.10999,0.033724,,0.019265,0.018094
14542,29NOV2019,GOOG,1304.95996,0.035592,,0.034971,0.032961
14542,31DEC2019,GOOG,1337.02002,0.024568,,0.028448,0.026200
14593,31JAN2007,AAPL,85.73000,0.010490,,0.019397,0.018461
14593,28FEB2007,AAPL,84.61000,-0.013064,,-0.013988,-0.015979
14593,30MAR2007,AAPL,92.91000,0.098097,,0.012950,0.011475
14593,30APR2007,AAPL,99.80000,0.074158,,0.039815,0.038449
14593,31MAY2007,AAPL,121.19100,0.214339,,0.038932,0.036643
14593,29JUN2007,AAPL,122.04000,0.007005,,-0.014765,-0.016128
14593,31JUL2007,AAPL,131.75999,0.079646,,-0.031760,-0.032764
14593,31AUG2007,AAPL,138.48000,0.051002,,0.011630,0.009677
14593,28SEP2007,AAPL,153.47000,0.108247,,0.040842,0.039325
14593,31OCT2007,AAPL,189.95000,0.237701,,0.025796,0.024655
14593,30NOV2007,AAPL,182.22000,-0.040695,,-0.049327,-0.051276
14593,31DEC2007,AAPL,198.08000,0.087038,,-0.004423,-0.006511
14593,31JAN2008,AAPL,135.36000,-0.316640,,-0.062138,-0.063243
14593,29FEB2008,AAPL,125.02000,-0.076389,,-0.021663,-0.023605
14593,31MAR2008,AAPL,143.50000,0.147816,,-0.010421,-0.012160
14593,30APR2008,AAPL,173.95000,0.212195,,0.051060,0.049736
14593,30MAY2008,AAPL,188.75000,0.085082,,0.023808,0.021494
14593,30JUN2008,AAPL,167.44000,-0.112901,,-0.078426,-0.080241
14593,31JUL2008,AAPL,158.95000,-0.050705,,-0.013341,-0.014690
14593,29AUG2008,AAPL,169.53000,0.066562,,0.010566,0.008576
14593,30SEP2008,AAPL,113.66000,-0.329558,,-0.097980,-0.099770
14593,31OCT2008,AAPL,107.59000,-0.053405,,-0.184648,-0.186136
14593,28NOV2008,AAPL,92.67000,-0.138675,,-0.084615,-0.087354
14593,31DEC2008,AAPL,85.35000,-0.078990,,0.022154,0.019087
14593,30JAN2009,AAPL,90.13000,0.056005,,-0.077315,-0.078709
14593,27FEB2009,AAPL,89.31000,-0.009098,,-0.100271,-0.103457
14593,31MAR2009,AAPL,105.12000,0.177024,,0.086748,0.083489
14593,30APR2009,AAPL,125.83000,0.197013,,0.109352,0.107516
14593,29MAY2009,AAPL,135.81000,0.079313,,0.067774,0.065124
14593,30JUN2009,AAPL,142.42999,0.048745,,-0.003099,-0.005042
14593,31JUL2009,AAPL,163.39000,0.147160,,0.081752,0.080331
14593,31AUG2009,AAPL,168.21001,0.029500,,0.031469,0.029310
14593,30SEP2009,AAPL,185.35001,0.101896,,0.045216,0.043576
14593,30OCT2009,AAPL,188.50000,0.016995,,-0.027971,-0.029227
14593,30NOV2009,AAPL,199.91000,0.060531,,0.057117,0.054661
14593,31DEC2009,AAPL,210.73199,0.054134,,0.028430,0.026404
14593,29JAN2010,AAPL,192.06300,-0.088591,,-0.037098,-0.038111
14593,26FEB2010,AAPL,204.62000,0.065380,,0.034786,0.032700
14593,31MAR2010,AAPL,235.00000,0.148470,,0.063626,0.061940
14593,30APR2010,AAPL,261.09000,0.111021,,0.020063,0.018950
14593,28MAY2010,AAPL,256.88000,-0.016125,,-0.079163,-0.081251
14593,30JUN2010,AAPL,251.53000,-0.020827,,-0.050745,-0.052485
14593,30JUL2010,AAPL,257.25000,0.022741,,0.070309,0.068611
14593,31AUG2010,AAPL,243.10001,-0.055005,,-0.042844,-0.044969
14593,30SEP2010,AAPL,283.75000,0.167215,,0.091547,0.089664
14593,29OCT2010,AAPL,300.98001,0.060723,,0.038512,0.036990
14593,30NOV2010,AAPL,311.14999,0.033790,,0.005125,0.002925
14593,31DEC2010,AAPL,322.56000,0.036670,,0.067205,0.064873
14593,31JAN2011,AAPL,339.32001,0.051959,,0.019137,0.018182
14593,28FEB2011,AAPL,353.20999,0.040935,,0.038175,0.036243
14593,31MAR2011,AAPL,348.50751,-0.013314,,0.003353,0.001768
14593,29APR2011,AAPL,350.13000,0.004656,,0.028667,0.027552
14593,31MAY2011,AAPL,347.82999,-0.006569,,-0.014900,-0.016907
14593,30JUN2011,AAPL,335.67001,-0.034960,,-0.018388,-0.020153
14593,29JUL2011,AAPL,390.48001,0.163285,,-0.022524,-0.023665
14593,31AUG2011,AAPL,384.82999,-0.014469,,-0.057498,-0.059638
14593,30SEP2011,AAPL,381.32001,-0.009121,,-0.084863,-0.086554
14593,31OCT2011,AAPL,404.78000,0.061523,,0.114030,0.112619
14593,30NOV2011,AAPL,382.20001,-0.055783,,-0.006207,-0.008875
14593,30DEC2011,AAPL,405.00000,0.059655,,0.003696,0.001449
14593,31JAN2012,AAPL,456.48001,0.127111,,0.054095,0.052947
14593,29FEB2012,AAPL,542.44000,0.188311,,0.041239,0.038967
14593,30MAR2012,AAPL,599.54999,0.105284,,0.024004,0.022120
14593,30APR2012,AAPL,583.97998,-0.025969,,-0.006806,-0.008024
14593,31MAY2012,AAPL,577.72998,-0.010702,,-0.065574,-0.067986
14593,29JUN2012,AAPL,584.00000,0.010853,,0.038189,0.036089
14593,31JUL2012,AAPL,610.76001,0.045822,,0.010284,0.009031
14593,31AUG2012,AAPL,665.23999,0.093539,,0.026278,0.023678
14593,28SEP2012,AAPL,667.10498,0.002803,,0.026554,0.024613
14593,31OCT2012,AAPL,595.32001,-0.107607,,-0.014104,-0.015553
14593,30NOV2012,AAPL,585.28003,-0.012413,,0.006192,0.002951
14593,31DEC2012,AAPL,532.17291,-0.090738,,0.012529,0.008978
14593,31JAN2013,AAPL,455.48999,-0.144094,,0.054145,0.052937
14593,28FEB2013,AAPL,441.39999,-0.025116,,0.008340,0.006136
14593,28MAR2013,AAPL,442.66000,0.002855,,0.035294,0.033528
14593,30APR2013,AAPL,442.78000,0.000271,,0.014947,0.013770
14593,31MAY2013,AAPL,449.73499,0.022596,,0.019074,0.016515
14593,28JUN2013,AAPL,396.53000,-0.118303,,-0.015036,-0.017051
14593,31JUL2013,AAPL,452.53000,0.141225,,0.052717,0.051280
14593,30AUG2013,AAPL,487.21600,0.083389,,-0.025727,-0.027904
14593,30SEP2013,AAPL,476.75000,-0.021481,,0.037470,0.035676
14593,31OCT2013,AAPL,522.70203,0.096386,,0.039895,0.038608
14593,29NOV2013,AAPL,556.07001,0.069673,,0.024966,0.022842
14593,31DEC2013,AAPL,561.02002,0.008902,,0.026140,0.024086
14593,31JAN2014,AAPL,500.60001,-0.107697,,-0.029987,-0.031093
14593,28FEB2014,AAPL,526.23999,0.057311,,0.046186,0.043951
14593,31MAR2014,AAPL,536.73999,0.019953,,0.004501,0.002784
14593,30APR2014,AAPL,590.09003,0.099396,,0.001670,0.000506
14593,30MAY2014,AAPL,633.00000,0.078293,,0.020223,0.018015
14593,30JUN2014,AAPL,92.93000,0.027662,,0.027961,0.025977
14593,31JUL2014,AAPL,95.60000,0.028731,,-0.020537,-0.021832
14593,29AUG2014,AAPL,102.50000,0.077092,,0.040207,0.038204
14593,30SEP2014,AAPL,100.75000,-0.017073,,-0.025132,-0.026826
14593,31OCT2014,AAPL,108.00000,0.071960,,0.021196,0.019948
14593,28NOV2014,AAPL,118.93000,0.105556,,0.021159,0.018994
14593,31DEC2014,AAPL,110.38000,-0.071891,,-0.003622,-0.005756
14593,30JAN2015,AAPL,117.16000,0.061424,,-0.027201,-0.028273
14593,27FEB2015,AAPL,128.46001,0.100461,,0.056021,0.053683
14593,31MAR2015,AAPL,124.43000,-0.031372,,-0.010453,-0.012270
14593,30APR2015,AAPL,125.15000,0.005786,,0.008716,0.007567
14593,29MAY2015,AAPL,130.28000,0.045146,,0.010345,0.008186
14593,30JUN2015,AAPL,125.42500,-0.037266,,-0.019262,-0.021204
14593,31JUL2015,AAPL,121.30000,-0.032888,,0.012113,0.010900
14593,31AUG2015,AAPL,112.76000,-0.066117,,-0.060046,-0.062111
14593,30SEP2015,AAPL,110.30000,-0.021816,,-0.033769,-0.035704
14593,30OCT2015,AAPL,119.50000,0.083409,,0.074022,0.072627
14593,30NOV2015,AAPL,118.30000,-0.005690,,0.002449,0.000183
14593,31DEC2015,AAPL,105.26000,-0.110228,,-0.022288,-0.024527
14593,29JAN2016,AAPL,97.34000,-0.075242,,-0.057094,-0.058264
14593,29FEB2016,AAPL,96.69000,-0.001335,,0.000687,-0.001735
14593,31MAR2016,AAPL,108.99000,0.127211,,0.070517,0.068145
14593,29APR2016,AAPL,93.74000,-0.139921,,0.011817,0.010582
14593,31MAY2016,AAPL,99.86000,0.071368,,0.014316,0.011905
14593,30JUN2016,AAPL,95.60000,-0.042660,,0.003110,0.001037
14593,29JUL2016,AAPL,104.21000,0.090063,,0.038775,0.037528
14593,31AUG2016,AAPL,106.10000,0.023606,,0.002789,0.000453
14593,30SEP2016,AAPL,113.05000,0.065504,,0.003017,0.001240
14593,31OCT2016,AAPL,113.54000,0.004334,,-0.021594,-0.022839
14593,30NOV2016,AAPL,110.52000,-0.021578,,0.040491,0.038046
14593,30DEC2016,AAPL,115.82000,0.047955,,0.018792,0.016652
14593,31JAN2017,AAPL,121.35000,0.047746,,0.022190,0.021166
14593,28FEB2017,AAPL,136.99001,0.133581,,0.032664,0.030563
14593,31MAR2017,AAPL,143.66000,0.048690,,0.002092,0.000220
14593,28APR2017,AAPL,143.64999,-0.000070,,0.009615,0.008496
14593,31MAY2017,AAPL,152.75999,0.067804,,0.009335,0.006989
14593,30JUN2017,AAPL,144.02000,-0.057214,,0.009470,0.007586
14593,31JUL2017,AAPL,148.73000,0.032704,,0.020329,0.018945
14593,31AUG2017,AAPL,164.00000,0.106905,,0.001589,-0.000647
14593,29SEP2017,AAPL,154.12000,-0.060244,,0.023733,0.022128
14593,31OCT2017,AAPL,169.03999,0.096808,,0.019282,0.018180
14593,30NOV2017,AAPL,171.85001,0.020350,,0.027309,0.024984
14593,29DEC2017,AAPL,169.23000,-0.015246,,0.012173,0.010316
14593,31JAN2018,AAPL,167.42999,-0.010636,,0.050657,0.049703
14593,28FEB2018,AAPL,178.12000,0.067610,,-0.039464,-0.041331
14593,29MAR2018,AAPL,167.78000,-0.058051,,-0.018434,-0.020303
14593,30APR2018,AAPL,165.25999,-0.015020,,0.004769,0.003660
14593,31MAY2018,AAPL,186.87000,0.135181,,0.026169,0.023877
14593,29JUN2018,AAPL,185.11000,-0.009418,,0.005335,0.003550
14593,31JUL2018,AAPL,190.28999,0.027983,,0.031603,0.030466
14593,31AUG2018,AAPL,227.63000,0.200063,,0.030221,0.027755
14593,28SEP2018,AAPL,225.74001,-0.008303,,0.000446,-0.001189
14593,31OCT2018,AAPL,218.86000,-0.030478,,-0.074032,-0.075100
14593,30NOV2018,AAPL,178.58000,-0.180709,,0.018535,0.016198
14593,31DEC2018,AAPL,157.74001,-0.116698,,-0.089807,-0.092043
14593,31JAN2019,AAPL,166.44000,0.055154,,0.088276,0.087048
14593,28FEB2019,AAPL,173.14999,0.044701,,0.032716,0.030660
14593,29MAR2019,AAPL,189.95000,0.097026,,0.012978,0.011155
14593,30APR2019,AAPL,200.67000,0.056436,,0.037882,0.036688
14593,31MAY2019,AAPL,175.07001,-0.123735,,-0.061653,-0.063869
14593,28JUN2019,AAPL,197.92000,0.130519,,0.067271,0.065273
14593,31JUL2019,AAPL,213.03999,0.076394,,0.011882,0.010728
14593,30AUG2019,AAPL,208.74001,-0.016570,,-0.020271,-0.022301
14593,30SEP2019,AAPL,223.97000,0.072962,,0.016024,0.014162
14593,31OCT2019,AAPL,248.75999,0.110684,,0.019265,0.018094
14593,29NOV2019,AAPL,267.25000,0.077424,,0.034971,0.032961
14593,31DEC2019,AAPL,293.64999,0.098784,,0.028448,0.026200
86298,31JAN2007,TWTR,1.38000,-0.349057,,0.019397,0.018461
86298,28FEB2007,TWTR,1.46000,0.057971,,-0.013988,-0.015979
86298,30MAR2007,TWTR,1.62000,0.109589,,0.012950,0.011475
86298,30APR2007,TWTR,1.64000,0.012346,,0.039815,0.038449
86298,31MAY2007,TWTR,0.41000,-0.750000,,0.038932,0.036643
86298,29JUN2007,TWTR,,,,-0.014765,-0.016128
90319,31JAN2007,GOOG,501.50000,0.089081,,0.019397,0.018461
90319,28FEB2007,GOOG,449.45001,-0.103789,,-0.013988,-0.015979
90319,30MAR2007,GOOG,458.16000,0.019379,,0.012950,0.011475
90319,30APR2007,GOOG,471.38000,0.028855,,0.039815,0.038449
90319,31MAY2007,GOOG,497.90900,0.056279,,0.038932,0.036643
90319,29JUN2007,GOOG,522.70007,0.049790,,-0.014765,-0.016128
90319,31JUL2007,GOOG,510.00000,-0.024297,,-0.031760,-0.032764
90319,31AUG2007,GOOG,515.25000,0.010294,,0.011630,0.009677
90319,28SEP2007,GOOG,567.27002,0.100961,,0.040842,0.039325
90319,31OCT2007,GOOG,707.00000,0.246320,,0.025796,0.024655
90319,30NOV2007,GOOG,693.00000,-0.019802,,-0.049327,-0.051276
90319,31DEC2007,GOOG,691.47998,-0.002193,,-0.004423,-0.006511
90319,31JAN2008,GOOG,564.29999,-0.183924,,-0.062138,-0.063243
90319,29FEB2008,GOOG,471.17999,-0.165019,,-0.021663,-0.023605
90319,31MAR2008,GOOG,440.47000,-0.065177,,-0.010421,-0.012160
90319,30APR2008,GOOG,574.28998,0.303812,,0.051060,0.049736
90319,30MAY2008,GOOG,585.79999,0.020042,,0.023808,0.021494
90319,30JUN2008,GOOG,526.41998,-0.101366,,-0.078426,-0.080241
90319,31JUL2008,GOOG,473.75000,-0.100053,,-0.013341,-0.014690
90319,29AUG2008,GOOG,463.29001,-0.022079,,0.010566,0.008576
90319,30SEP2008,GOOG,400.51999,-0.135488,,-0.097980,-0.099770
90319,31OCT2008,GOOG,359.35999,-0.102766,,-0.184648,-0.186136
90319,28NOV2008,GOOG,292.95999,-0.184773,,-0.084615,-0.087354
90319,31DEC2008,GOOG,307.64999,0.050143,,0.022154,0.019087
90319,30JAN2009,GOOG,338.53000,0.100374,,-0.077315,-0.078709
90319,27FEB2009,GOOG,337.98999,-0.001595,,-0.100271,-0.103457
90319,31MAR2009,GOOG,348.06000,0.029794,,0.086748,0.083489
90319,30APR2009,GOOG,395.97000,0.137649,,0.109352,0.107516
90319,29MAY2009,GOOG,417.23001,0.053691,,0.067774,0.065124
90319,30JUN2009,GOOG,421.59000,0.010450,,-0.003099,-0.005042
90319,31JUL2009,GOOG,443.04999,0.050903,,0.081752,0.080331
90319,31AUG2009,GOOG,461.67001,0.042027,,0.031469,0.029310
90319,30SEP2009,GOOG,495.85001,0.074036,,0.045216,0.043576
90319,30OCT2009,GOOG,536.12000,0.081214,,-0.027971,-0.029227
90319,30NOV2009,GOOG,583.00000,0.087443,,0.057117,0.054661
90319,31DEC2009,GOOG,619.97998,0.063430,,0.028430,0.026404
90319,29JAN2010,GOOG,529.94397,-0.145224,,-0.037098,-0.038111
90319,26FEB2010,GOOG,526.79999,-0.005933,,0.034786,0.032700
90319,31MAR2010,GOOG,567.12000,0.076538,,0.063626,0.061940
90319,30APR2010,GOOG,525.69501,-0.073044,,0.020063,0.018950
90319,28MAY2010,GOOG,485.63000,-0.076213,,-0.079163,-0.081251
90319,30JUN2010,GOOG,444.95001,-0.083767,,-0.050745,-0.052485
90319,30JUL2010,GOOG,484.85001,0.089673,,0.070309,0.068611
90319,31AUG2010,GOOG,450.01999,-0.071837,,-0.042844,-0.044969
90319,30SEP2010,GOOG,525.78998,0.168370,,0.091547,0.089664
90319,29OCT2010,GOOG,613.70001,0.167196,,0.038512,0.036990
90319,30NOV2010,GOOG,555.71002,-0.094492,,0.005125,0.002925
90319,31DEC2010,GOOG,593.96997,0.068849,,0.067205,0.064873
90319,31JAN2011,GOOG,600.35999,0.010758,,0.019137,0.018182
90319,28FEB2011,GOOG,613.40002,0.021720,,0.038175,0.036243
90319,31MAR2011,GOOG,586.76001,-0.043430,,0.003353,0.001768
90319,29APR2011,GOOG,544.09998,-0.072704,,0.028667,0.027552
90319,31MAY2011,GOOG,529.02002,-0.027715,,-0.014900,-0.016907
90319,30JUN2011,GOOG,506.38000,-0.042796,,-0.018388,-0.020153
90319,29JUL2011,GOOG,603.69000,0.192168,,-0.022524,-0.023665
90319,31AUG2011,GOOG,540.96002,-0.103911,,-0.057498,-0.059638
90319,30SEP2011,GOOG,515.03998,-0.047915,,-0.084863,-0.086554
90319,31OCT2011,GOOG,592.64001,0.150668,,0.114030,0.112619
90319,30NOV2011,GOOG,599.39001,0.011390,,-0.006207,-0.008875
90319,30DEC2011,GOOG,645.90002,0.077596,,0.003696,0.001449
90319,31JAN2012,GOOG,580.10999,-0.101858,,0.054095,0.052947
90319,29FEB2012,GOOG,618.25000,0.065746,,0.041239,0.038967
90319,30MAR2012,GOOG,641.23999,0.037186,,0.024004,0.022120
90319,30APR2012,GOOG,604.84998,-0.056749,,-0.006806,-0.008024
90319,31MAY2012,GOOG,580.85999,-0.039663,,-0.065574,-0.067986
90319,29JUN2012,GOOG,580.07001,-0.001360,,0.038189,0.036089
90319,31JUL2012,GOOG,632.96997,0.091196,,0.010284,0.009031
90319,31AUG2012,GOOG,685.09003,0.082342,,0.026278,0.023678
90319,28SEP2012,GOOG,754.50000,0.101315,,0.026554,0.024613
90319,31OCT2012,GOOG,680.29761,-0.098346,,-0.014104,-0.015553
90319,30NOV2012,GOOG,698.37000,0.026565,,0.006192,0.002951
90319,31DEC2012,GOOG,707.38000,0.012901,,0.012529,0.008978
90319,31JAN2013,GOOG,755.69000,0.068294,,0.054145,0.052937
90319,28FEB2013,GOOG,801.20001,0.060223,,0.008340,0.006136
90319,28MAR2013,GOOG,794.18799,-0.008752,,0.035294,0.033528
90319,30APR2013,GOOG,824.57001,0.038255,,0.014947,0.013770
90319,31MAY2013,GOOG,871.21802,0.056573,,0.019074,0.016515
90319,28JUN2013,GOOG,880.37000,0.010505,,-0.015036,-0.017051
90319,31JUL2013,GOOG,887.75000,0.008383,,0.052717,0.051280
90319,30AUG2013,GOOG,846.90002,-0.046015,,-0.025727,-0.027904
90319,30SEP2013,GOOG,875.90997,0.034254,,0.037470,0.035676
90319,31OCT2013,GOOG,1030.57996,0.176582,,0.039895,0.038608
90319,29NOV2013,GOOG,1059.58997,0.028149,,0.024966,0.022842
90319,31DEC2013,GOOG,1120.70996,0.057683,,0.026140,0.024086
90319,31JAN2014,GOOG,1180.96997,0.053769,,-0.029987,-0.031093
90319,28FEB2014,GOOG,1215.65002,0.029366,,0.046186,0.043951
90319,31MAR2014,GOOG,1114.51001,-0.083198,,0.004501,0.002784
90319,30APR2014,GOOGL,534.88000,-0.041640,,0.001670,0.000506
90319,30MAY2014,GOOGL,571.65002,0.068744,,0.020223,0.018015
90319,30JUN2014,GOOGL,584.66998,0.022776,,0.027961,0.025977
90319,31JUL2014,GOOGL,579.54999,-0.008757,,-0.020537,-0.021832
90319,29AUG2014,GOOGL,582.35999,0.004849,,0.040207,0.038204
90319,30SEP2014,GOOGL,588.40997,0.010389,,-0.025132,-0.026826
90319,31OCT2014,GOOGL,567.87000,-0.034908,,0.021196,0.019948
90319,28NOV2014,GOOGL,549.08002,-0.033089,,0.021159,0.018994
90319,31DEC2014,GOOGL,530.65997,-0.033547,,-0.003622,-0.005756
90319,30JAN2015,GOOGL,537.54999,0.012984,,-0.027201,-0.028273
90319,27FEB2015,GOOGL,562.63000,0.046656,,0.056021,0.053683
90319,31MAR2015,GOOGL,554.70001,-0.014095,,-0.010453,-0.012270
90319,30APR2015,GOOGL,548.77002,-0.010690,,0.008716,0.007567
90319,29MAY2015,GOOGL,545.32001,-0.006287,,0.010345,0.008186
90319,30JUN2015,GOOGL,540.03998,-0.009682,,-0.019262,-0.021204
90319,31JUL2015,GOOGL,657.50000,0.217502,,0.012113,0.010900
90319,31AUG2015,GOOGL,647.82001,-0.014722,,-0.060046,-0.062111
90319,30SEP2015,GOOGL,638.37000,-0.014587,,-0.033769,-0.035704
90319,30OCT2015,GOOGL,737.39001,0.155114,,0.074022,0.072627
90319,30NOV2015,GOOGL,762.84998,0.034527,,0.002449,0.000183
90319,31DEC2015,GOOGL,778.01001,0.019873,,-0.022288,-0.024527
90319,29JAN2016,GOOGL,761.34998,-0.021414,,-0.057094,-0.058264
90319,29FEB2016,GOOGL,717.21997,-0.057963,,0.000687,-0.001735
90319,31MAR2016,GOOGL,762.90002,0.063690,,0.070517,0.068145
90319,29APR2016,GOOGL,707.88000,-0.072120,,0.011817,0.010582
90319,31MAY2016,GOOGL,748.84998,0.057877,,0.014316,0.011905
90319,30JUN2016,GOOGL,703.53003,-0.060519,,0.003110,0.001037
90319,29JUL2016,GOOGL,791.34003,0.124813,,0.038775,0.037528
90319,31AUG2016,GOOGL,789.84998,-0.001883,,0.002789,0.000453
90319,30SEP2016,GOOGL,804.06000,0.017991,,0.003017,0.001240
90319,31OCT2016,GOOGL,809.90002,0.007263,,-0.021594,-0.022839
90319,30NOV2016,GOOGL,775.88000,-0.042005,,0.040491,0.038046
90319,30DEC2016,GOOGL,792.45001,0.021356,,0.018792,0.016652
90319,31JAN2017,GOOGL,820.19000,0.035005,,0.022190,0.021166
90319,28FEB2017,GOOGL,844.92999,0.030164,,0.032664,0.030563
90319,31MAR2017,GOOGL,847.79999,0.003397,,0.002092,0.000220
90319,28APR2017,GOOGL,924.52002,0.090493,,0.009615,0.008496
90319,31MAY2017,GOOGL,987.09003,0.067678,,0.009335,0.006989
90319,30JUN2017,GOOGL,929.67999,-0.058161,,0.009470,0.007586
90319,31JUL2017,GOOGL,945.50000,0.017017,,0.020329,0.018945
90319,31AUG2017,GOOGL,955.23999,0.010301,,0.001589,-0.000647
90319,29SEP2017,GOOGL,973.71997,0.019346,,0.023733,0.022128
90319,31OCT2017,GOOGL,1033.04004,0.060921,,0.019282,0.018180
90319,30NOV2017,GOOGL,1036.17004,0.003030,,0.027309,0.024984
90319,29DEC2017,GOOGL,1053.40002,0.016629,,0.012173,0.010316
90319,31JAN2018,GOOGL,1182.21997,0.122290,,0.050657,0.049703
90319,28FEB2018,GOOGL,1103.92004,-0.066231,,-0.039464,-0.041331
90319,29MAR2018,GOOGL,1037.14001,-0.060494,,-0.018434,-0.020303
90319,30APR2018,GOOGL,1018.58002,-0.017895,,0.004769,0.003660
90319,31MAY2018,GOOGL,1100.00000,0.079935,,0.026169,0.023877
90319,29JUN2018,GOOGL,1129.18994,0.026536,,0.005335,0.003550
90319,31JUL2018,GOOGL,1227.21997,0.086814,,0.031603,0.030466
90319,31AUG2018,GOOGL,1231.80005,0.003732,,0.030221,0.027755
90319,28SEP2018,GOOGL,1207.07996,-0.020068,,0.000446,-0.001189
90319,31OCT2018,GOOGL,1090.57996,-0.096514,,-0.074032,-0.075100
90319,30NOV2018,GOOGL,1109.65002,0.017486,,0.018535,0.016198
90319,31DEC2018,GOOGL,1044.95996,-0.058298,,-0.089807,-0.092043
90319,31JAN2019,GOOGL,1125.89001,0.077448,,0.088276,0.087048
90319,28FEB2019,GOOGL,1126.55005,0.000586,,0.032716,0.030660
90319,29MAR2019,GOOGL,1176.89001,0.044685,,0.012978,0.011155
90319,30APR2019,GOOGL,1198.95996,0.018753,,0.037882,0.036688
90319,31MAY2019,GOOGL,1106.50000,-0.077117,,-0.061653,-0.063869
90319,28JUN2019,GOOGL,1082.80005,-0.021419,,0.067271,0.065273
90319,31JUL2019,GOOGL,1218.19995,0.125046,,0.011882,0.010728
90319,30AUG2019,GOOGL,1190.53003,-0.022714,,-0.020271,-0.022301
90319,30SEP2019,GOOGL,1221.14001,0.025711,,0.016024,0.014162
90319,31OCT2019,GOOGL,1258.80005,0.030840,,0.019265,0.018094
90319,29NOV2019,GOOGL,1304.08997,0.035979,,0.034971,0.032961
90319,31DEC2019,GOOGL,1339.39001,0.027069,,0.028448,0.026200
