DATE,MORTGAGE30US,MORTGAGE15US
4/2/71,7.33,
4/9/71,7.31,
4/16/71,7.31,
4/23/71,7.31,
4/30/71,7.29,
5/7/71,7.38,
5/14/71,7.42,
5/21/71,7.44,
5/28/71,7.46,
6/4/71,7.52,
6/11/71,7.52,
6/18/71,7.54,
6/25/71,7.54,
7/2/71,7.54,
7/9/71,7.54,
7/16/71,7.6,
7/23/71,7.65,
7/30/71,7.69,
8/6/71,7.66,
8/13/71,7.73,
8/20/71,7.71,
8/27/71,7.69,
9/3/71,7.71,
9/10/71,7.67,
9/17/71,7.7,
9/24/71,7.67,
10/1/71,7.67,
10/8/71,7.63,
10/15/71,7.63,
10/22/71,7.58,
10/29/71,7.63,
11/5/71,7.59,
11/12/71,7.56,
11/19/71,7.54,
11/26/71,7.51,
12/3/71,7.49,
12/10/71,7.47,
12/17/71,7.48,
12/24/71,7.48,
12/31/71,7.48,
1/7/72,7.46,
1/14/72,7.46,
1/21/72,7.43,
1/28/72,7.4,
2/4/72,7.35,
2/11/72,7.33,
2/18/72,7.31,
2/25/72,7.31,
3/3/72,7.32,
3/10/72,7.32,
3/17/72,7.31,
3/24/72,7.31,
3/31/72,7.23,
4/7/72,7.25,
4/14/72,7.29,
4/21/72,7.29,
4/28/72,7.33,
5/5/72,7.33,
5/12/72,7.38,
5/19/72,7.38,
5/26/72,7.4,
6/2/72,7.36,
6/9/72,7.38,
6/16/72,7.38,
6/23/72,7.36,
6/30/72,7.38,
7/7/72,7.38,
7/14/72,7.4,
7/21/72,7.4,
7/28/72,7.4,
8/4/72,7.35,
8/11/72,7.41,
8/18/72,7.42,
8/25/72,7.42,
9/1/72,7.42,
9/8/72,7.42,
9/15/72,7.42,
9/22/72,7.41,
9/29/72,7.43,
10/6/72,7.41,
10/13/72,7.41,
10/20/72,7.44,
10/27/72,7.42,
11/3/72,7.43,
11/10/72,7.42,
11/17/72,7.42,
11/24/72,7.44,
12/1/72,7.45,
12/8/72,7.43,
12/15/72,7.43,
12/22/72,7.45,
12/29/72,7.45,
1/5/73,7.44,
1/12/73,7.44,
1/19/73,7.44,
1/26/73,7.43,
2/2/73,7.43,
2/9/73,7.43,
2/16/73,7.45,
2/23/73,7.45,
3/2/73,7.45,
3/9/73,7.45,
3/16/73,7.45,
3/23/73,7.45,
3/30/73,7.49,
4/6/73,7.51,
4/13/73,7.54,
4/20/73,7.56,
4/27/73,7.56,
5/4/73,7.58,
5/11/73,7.64,
5/18/73,7.69,
5/24/73,7.7,
6/1/73,7.7,
6/8/73,7.73,
6/15/73,7.73,
6/22/73,7.75,
6/29/73,7.76,
7/6/73,7.89,
7/13/73,8.01,
7/20/73,8.12,
7/27/73,8.18,
8/3/73,8.26,
8/10/73,8.4,
8/17/73,8.55,
8/24/73,8.61,
8/31/73,8.66,
9/7/73,8.77,
9/14/73,8.81,
9/21/73,8.83,
9/28/73,8.85,
10/5/73,8.82,
10/12/73,8.83,
10/19/73,8.75,
10/26/73,8.68,
11/2/73,8.62,
11/9/73,8.59,
11/16/73,8.58,
11/23/73,8.57,
11/30/73,8.55,
12/7/73,8.53,
12/14/73,8.53,
12/21/73,8.53,
12/28/73,8.56,
1/4/74,8.56,
1/11/74,8.53,
1/18/74,8.55,
1/25/74,8.52,
2/1/74,8.48,
2/8/74,8.46,
2/15/74,8.46,
2/22/74,8.42,
3/1/74,8.41,
3/8/74,8.41,
3/15/74,8.4,
3/22/74,8.4,
3/29/74,8.41,
4/5/74,8.44,
4/12/74,8.53,
4/19/74,8.63,
4/26/74,8.73,
5/3/74,8.87,
5/10/74,8.98,
5/17/74,8.97,
5/24/74,9.01,
5/31/74,9.03,
6/7/74,9.06,
6/14/74,9.11,
6/21/74,9.07,
6/28/74,9.1,
7/5/74,9.14,
7/12/74,9.19,
7/19/74,9.37,
7/26/74,9.42,
8/2/74,9.47,
8/9/74,9.5,
8/16/74,9.6,
8/23/74,9.62,
8/30/74,9.74,
9/6/74,9.88,
9/13/74,9.92,
9/20/74,10,
9/27/74,10.03,
10/4/74,10.02,
10/11/74,9.96,
10/18/74,9.99,
10/25/74,9.94,
11/1/74,9.87,
11/8/74,9.81,
11/15/74,9.81,
11/22/74,9.73,
11/29/74,9.72,
12/6/74,9.69,
12/13/74,9.63,
12/20/74,9.58,
12/27/74,9.56,
1/3/75,9.6,
1/10/75,9.49,
1/17/75,9.43,
1/24/75,9.35,
1/31/75,9.29,
2/7/75,9.2,
2/14/75,9.13,
2/21/75,9.07,
2/28/75,9.02,
3/7/75,9,
3/14/75,8.89,
3/21/75,8.86,
3/28/75,8.86,
4/4/75,8.83,
4/11/75,8.81,
4/18/75,8.8,
4/25/75,8.84,
5/2/75,8.92,
5/9/75,8.88,
5/16/75,8.92,
5/23/75,8.92,
5/30/75,8.89,
6/6/75,8.89,
6/13/75,8.9,
6/20/75,8.88,
6/27/75,8.9,
7/3/75,8.88,
7/11/75,8.9,
7/18/75,8.89,
7/25/75,8.89,
8/1/75,8.89,
8/8/75,8.89,
8/15/75,8.93,
8/22/75,8.98,
8/29/75,9.02,
9/5/75,9.08,
9/12/75,9.16,
9/19/75,9.14,
9/26/75,9.14,
10/3/75,9.2,
10/10/75,9.21,
10/17/75,9.21,
10/24/75,9.26,
10/31/75,9.24,
11/7/75,9.19,
11/14/75,9.16,
11/21/75,9.12,
11/28/75,9.11,
12/5/75,9.11,
12/12/75,9.11,
12/19/75,9.08,
12/26/75,9.09,
1/2/76,9.1,
1/9/76,9.07,
1/16/76,9.01,
1/23/76,9,
1/30/76,8.9,
2/6/76,8.86,
2/13/76,8.83,
2/20/76,8.81,
2/27/76,8.75,
3/5/76,8.77,
3/12/76,8.75,
3/19/76,8.75,
3/26/76,8.75,
4/2/76,8.7,
4/9/76,8.7,
4/16/76,8.75,
4/23/76,8.75,
4/30/76,8.75,
5/7/76,8.75,
5/14/76,8.75,
5/21/76,8.78,
5/28/76,8.78,
6/4/76,8.78,
6/11/76,8.83,
6/18/76,8.88,
6/25/76,8.9,
7/2/76,8.93,
7/9/76,8.93,
7/16/76,8.93,
7/23/76,8.9,
7/30/76,8.98,
8/6/76,9,
8/13/76,9,
8/20/76,9,
8/27/76,9,
9/3/76,9,
9/10/76,8.97,
9/17/76,8.97,
9/24/76,8.97,
10/1/76,8.9,
10/8/76,8.95,
10/15/76,8.95,
10/22/76,8.95,
10/29/76,8.9,
11/5/76,8.85,
11/12/76,8.8,
11/19/76,8.8,
11/26/76,8.8,
12/3/76,8.8,
12/10/76,8.8,
12/17/76,8.8,
12/24/76,8.78,
12/31/76,8.78,
1/7/77,8.7,
1/14/77,8.73,
1/21/77,8.73,
1/28/77,8.73,
2/4/77,8.68,
2/11/77,8.7,
2/18/77,8.65,
2/25/77,8.65,
3/4/77,8.65,
3/11/77,8.7,
3/18/77,8.7,
3/25/77,8.7,
4/1/77,8.7,
4/8/77,8.75,
4/15/77,8.75,
4/22/77,8.78,
4/29/77,8.78,
5/6/77,8.78,
5/13/77,8.83,
5/20/77,8.85,
5/27/77,8.85,
6/3/77,8.85,
6/10/77,8.85,
6/17/77,8.85,
6/24/77,8.88,
7/1/77,8.95,
7/8/77,8.93,
7/15/77,8.95,
7/22/77,8.95,
7/29/77,8.93,
8/5/77,8.95,
8/12/77,8.95,
8/19/77,8.93,
8/26/77,8.93,
9/2/77,8.88,
9/9/77,8.9,
9/16/77,8.9,
9/23/77,8.9,
9/30/77,8.9,
10/7/77,8.93,
10/14/77,8.93,
10/21/77,8.93,
10/28/77,8.9,
11/4/77,8.9,
11/11/77,8.93,
11/18/77,8.93,
11/25/77,8.93,
12/2/77,8.95,
12/9/77,8.95,
12/16/77,8.95,
12/23/77,8.95,
12/30/77,9,
1/6/78,9,
1/13/78,9.03,
1/20/78,8.98,
1/27/78,9.05,
2/3/78,9.13,
2/10/78,9.15,
2/17/78,9.15,
2/24/78,9.15,
3/3/78,9.15,
3/10/78,9.15,
3/17/78,9.23,
3/24/78,9.23,
3/31/78,9.25,
4/7/78,9.28,
4/14/78,9.33,
4/21/78,9.38,
4/28/78,9.43,
5/5/78,9.48,
5/12/78,9.55,
5/19/78,9.58,
5/26/78,9.68,
6/2/78,9.68,
6/9/78,9.7,
6/16/78,9.73,
6/23/78,9.7,
6/30/78,9.73,
7/7/78,9.73,
7/14/78,9.73,
7/21/78,9.75,
7/28/78,9.75,
8/4/78,9.78,
8/11/78,9.78,
8/18/78,9.78,
8/25/78,9.8,
9/1/78,9.75,
9/8/78,9.75,
9/15/78,9.75,
9/22/78,9.75,
9/29/78,9.78,
10/6/78,9.85,
10/13/78,9.85,
10/20/78,9.85,
10/27/78,9.88,
11/3/78,9.9,
11/10/78,10.05,
11/17/78,10.2,
11/24/78,10.28,
12/1/78,10.3,
12/8/78,10.35,
12/15/78,10.35,
12/22/78,10.35,
12/29/78,10.38,
1/5/79,10.38,
1/12/79,10.38,
1/19/79,10.4,
1/26/79,10.4,
2/2/79,10.4,
2/9/79,10.43,
2/16/79,10.4,
2/23/79,10.4,
3/2/79,10.43,
3/9/79,10.4,
3/16/79,10.4,
3/23/79,10.45,
3/30/79,10.45,
4/6/79,10.48,
4/13/79,10.48,
4/20/79,10.5,
4/27/79,10.53,
5/4/79,10.6,
5/11/79,10.68,
5/18/79,10.73,
5/25/79,10.75,
6/1/79,10.9,
6/8/79,11.03,
6/15/79,11.05,
6/22/79,11.1,
6/29/79,11.1,
7/6/79,11.13,
7/13/79,11.08,
7/20/79,11.08,
7/27/79,11.08,
8/3/79,11.08,
8/10/79,11.08,
8/17/79,11.08,
8/24/79,11.1,
8/31/79,11.13,
9/7/79,11.2,
9/14/79,11.3,
9/21/79,11.35,
9/28/79,11.35,
10/5/79,11.35,
10/12/79,11.45,
10/19/79,11.75,
10/26/79,12,
11/2/79,12.8,
11/9/79,12.85,
11/16/79,12.8,
11/23/79,12.8,
11/30/79,12.9,
12/7/79,12.9,
12/14/79,12.9,
12/21/79,12.9,
12/28/79,12.9,
1/4/80,12.85,
1/11/80,12.9,
1/18/80,12.87,
1/25/80,12.89,
2/1/80,12.85,
2/8/80,12.85,
2/15/80,12.88,
2/22/80,13.03,
2/29/80,13.59,
3/7/80,14,
3/14/80,15.4,
3/21/80,15.7,
3/28/80,16.03,
4/4/80,16.35,
4/11/80,16.35,
4/18/80,16.35,
4/25/80,16.25,
5/2/80,15.9,
5/9/80,14.68,
5/16/80,14.15,
5/23/80,13.38,
5/30/80,13.2,
6/6/80,13.06,
6/13/80,12.85,
6/20/80,12.58,
6/27/80,12.35,
7/4/80,12.18,
7/11/80,12.23,
7/18/80,12.18,
7/25/80,12.18,
8/1/80,12.25,
8/8/80,12.25,
8/15/80,12.55,
8/22/80,12.8,
8/29/80,12.95,
9/5/80,13.03,
9/12/80,13.08,
9/19/80,13.25,
9/26/80,13.43,
10/3/80,13.6,
10/10/80,13.73,
10/17/80,13.78,
10/24/80,13.85,
10/31/80,14,
11/7/80,14.08,
11/14/80,14.18,
11/21/80,14.28,
11/28/80,14.28,
12/5/80,14.43,
12/12/80,14.83,
12/19/80,14.95,
12/26/80,14.95,
1/2/81,14.95,
1/9/81,14.8,
1/16/81,14.85,
1/23/81,14.85,
1/30/81,15.07,
2/6/81,15,
2/13/81,15.03,
2/20/81,15.2,
2/27/81,15.3,
3/6/81,15.4,
3/13/81,15.4,
3/20/81,15.4,
3/27/81,15.4,
4/3/81,15.4,
4/10/81,15.5,
4/17/81,15.65,
4/24/81,15.77,
5/1/81,15.82,
5/8/81,16.12,
5/15/81,16.64,
5/22/81,16.63,
5/29/81,16.8,
6/5/81,16.76,
6/12/81,16.69,
6/19/81,16.71,
6/26/81,16.62,
7/3/81,16.64,
7/10/81,16.79,
7/17/81,16.74,
7/24/81,16.88,
7/31/81,17.11,
8/7/81,17.13,
8/14/81,17.27,
8/21/81,17.26,
8/28/81,17.48,
9/4/81,17.79,
9/11/81,18.22,
9/18/81,18.27,
9/25/81,18.36,
10/2/81,18.28,
10/9/81,18.63,
10/16/81,18.53,
10/21/81,18.39,
10/30/81,18.44,
11/6/81,18.37,
11/13/81,18.02,
11/20/81,17.7,
11/27/81,17.21,
12/4/81,16.9,
12/11/81,16.94,
12/18/81,16.9,
12/25/81,16.95,
12/31/81,17.04,
1/8/82,17.3,
1/15/82,17.44,
1/22/82,17.61,
1/29/82,17.59,
2/5/82,17.56,
2/12/82,17.65,
2/19/82,17.66,
2/26/82,17.52,
3/5/82,17.29,
3/12/82,17.19,
3/19/82,17.12,
3/26/82,17.04,
4/2/82,16.95,
4/9/82,16.91,
4/16/82,16.93,
4/23/82,16.86,
4/30/82,16.81,
5/7/82,16.78,
5/14/82,16.63,
5/21/82,16.67,
5/28/82,16.63,
6/4/82,16.65,
6/11/82,16.7,
6/18/82,16.71,
6/25/82,16.73,
7/2/82,16.87,
7/9/82,16.93,
7/16/82,16.88,
7/23/82,16.75,
7/30/82,16.65,
8/6/82,16.55,
8/13/82,16.44,
8/20/82,16.21,
8/27/82,15.88,
9/3/82,15.59,
9/10/82,15.56,
9/17/82,15.38,
9/24/82,15.19,
10/1/82,15.13,
10/8/82,14.96,
10/15/82,14.6,
10/22/82,14.2,
10/29/82,14.15,
11/5/82,13.91,
11/12/82,13.84,
11/19/82,13.78,
11/26/82,13.77,
12/3/82,13.66,
12/10/82,13.66,
12/17/82,13.63,
12/24/82,13.6,
12/31/82,13.57,
1/7/83,13.46,
1/14/83,13.31,
1/21/83,13.12,
1/28/83,13.1,
2/4/83,13.06,
2/11/83,13.06,
2/18/83,13.07,
2/25/83,12.98,
3/4/83,12.74,
3/11/83,12.79,
3/18/83,12.81,
3/25/83,12.86,
4/1/83,12.82,
4/8/83,12.82,
4/15/83,12.79,
4/22/83,12.75,
4/29/83,12.73,
5/6/83,12.71,
5/13/83,12.59,
5/20/83,12.55,
5/27/83,12.68,
6/3/83,12.74,
6/10/83,12.82,
6/17/83,12.96,
6/24/83,12.96,
7/1/83,13.08,
7/8/83,13.3,
7/15/83,13.5,
7/22/83,13.58,
7/29/83,13.65,
8/5/83,13.73,
8/12/83,13.84,
8/19/83,13.89,
8/26/83,13.78,
9/2/83,13.77,
9/9/83,13.77,
9/16/83,13.72,
9/23/83,13.72,
9/30/83,13.65,
10/7/83,13.59,
10/14/83,13.6,
10/21/83,13.52,
10/28/83,13.43,
11/4/83,13.42,
11/11/83,13.47,
11/18/83,13.42,
11/25/83,13.43,
12/2/83,13.41,
12/9/83,13.38,
12/16/83,13.42,
12/23/83,13.46,
12/30/83,13.43,
1/6/84,13.43,
1/13/84,13.4,
1/20/84,13.35,
1/27/84,13.29,
2/3/84,13.26,
2/10/84,13.23,
2/17/84,13.19,
2/24/84,13.25,
3/2/84,13.23,
3/9/84,13.3,
3/16/84,13.37,
3/23/84,13.48,
3/30/84,13.55,
4/6/84,13.63,
4/13/84,13.58,
4/20/84,13.67,
4/27/84,13.73,
5/4/84,13.78,
5/11/84,13.87,
5/18/84,14.04,
5/25/84,14.08,
6/1/84,14.29,
6/8/84,14.33,
6/15/84,14.47,
6/22/84,14.49,
6/29/84,14.5,
7/6/84,14.66,
7/13/84,14.68,
7/20/84,14.66,
7/27/84,14.67,
8/3/84,14.68,
8/10/84,14.54,
8/17/84,14.39,
8/24/84,14.36,
8/31/84,14.38,
9/7/84,14.42,
9/14/84,14.43,
9/21/84,14.29,
9/28/84,14.26,
10/5/84,14.18,
10/12/84,14.19,
10/19/84,14.1,
10/26/84,14.05,
11/2/84,13.85,
11/9/84,13.74,
11/16/84,13.63,
11/23/84,13.55,
11/30/84,13.42,
12/7/84,13.2,
12/14/84,13.2,
12/21/84,13.18,
12/28/84,13.14,
1/4/85,13.1,
1/11/85,13.12,
1/18/85,13.12,
1/25/85,12.96,
2/1/85,12.93,
2/8/85,12.91,
2/15/85,12.9,
2/22/85,12.94,
3/1/85,13.02,
3/8/85,13.1,
3/15/85,13.2,
3/22/85,13.24,
3/29/85,13.29,
4/5/85,13.27,
4/12/85,13.23,
4/19/85,13.16,
4/26/85,13.12,
5/3/85,13.07,
5/10/85,13.02,
5/17/85,12.94,
5/24/85,12.83,
5/31/85,12.71,
6/7/85,12.39,
6/14/85,12.27,
6/21/85,12.05,
6/28/85,12.15,
7/5/85,12.13,
7/12/85,12.03,
7/19/85,11.94,
7/26/85,12.03,
8/2/85,12.17,
8/9/85,12.23,
8/16/85,12.24,
8/23/85,12.18,
8/30/85,12.11,
9/6/85,12.15,
9/13/85,12.24,
9/20/85,12.21,
9/27/85,12.17,
10/4/85,12.17,
10/11/85,12.17,
10/18/85,12.13,
10/25/85,12.07,
11/1/85,12.01,
11/8/85,11.9,
11/15/85,11.79,
11/22/85,11.64,
11/29/85,11.58,
12/6/85,11.5,
12/13/85,11.31,
12/20/85,11.14,
12/27/85,11.09,
1/3/86,10.81,
1/10/86,10.77,
1/17/86,10.99,
1/24/86,10.97,
1/31/86,10.89,
2/7/86,10.85,
2/14/86,10.8,
2/21/86,10.68,
2/28/86,10.51,
3/7/86,10.2,
3/14/86,10.01,
3/21/86,10.01,
3/28/86,10.1,
4/4/86,9.99,
4/11/86,9.98,
4/18/86,9.92,
4/25/86,9.86,
5/2/86,9.9,
5/9/86,10,
5/16/86,10.08,
5/23/86,10.36,
5/30/86,10.38,
6/6/86,10.74,
6/13/86,10.76,
6/20/86,10.61,
6/27/86,10.62,
7/4/86,10.61,
7/11/86,10.59,
7/18/86,10.43,
7/25/86,10.4,
8/1/86,10.4,
8/8/86,10.4,
8/15/86,10.23,
8/22/86,10.04,
8/29/86,9.93,
9/5/86,9.9,
9/12/86,9.96,
9/19/86,10.07,
9/26/86,10.1,
10/3/86,10.08,
10/10/86,9.99,
10/17/86,9.96,
10/24/86,9.95,
10/31/86,9.89,
11/7/86,9.83,
11/14/86,9.81,
11/21/86,9.64,
11/28/86,9.5,
12/5/86,9.3,
12/12/86,9.35,
12/19/86,9.3,
12/26/86,9.29,
1/2/87,9.37,
1/9/87,9.32,
1/16/87,9.21,
1/23/87,9.04,
1/30/87,9.08,
2/6/87,9.06,
2/13/87,9.09,
2/20/87,9.11,
2/27/87,9.07,
3/6/87,9.03,
3/13/87,9.05,
3/20/87,9.03,
3/27/87,9.03,
4/3/87,9.26,
4/10/87,9.43,
4/17/87,10.27,
4/24/87,10.37,
5/1/87,10.47,
5/8/87,10.52,
5/15/87,10.48,
5/22/87,10.81,
5/29/87,10.7,
6/5/87,10.7,
6/12/87,10.66,
6/19/87,10.44,
6/26/87,10.35,
7/3/87,10.36,
7/10/87,10.3,
7/17/87,10.23,
7/24/87,10.23,
7/31/87,10.27,
8/7/87,10.35,
8/14/87,10.34,
8/21/87,10.3,
8/28/87,10.33,
9/4/87,10.63,
9/11/87,10.91,
9/18/87,10.99,
9/25/87,11.02,
10/2/87,11.18,
10/9/87,11.21,
10/16/87,11.58,
10/23/87,11.36,
10/30/87,10.97,
11/6/87,10.79,
11/13/87,10.66,
11/20/87,10.6,
11/27/87,10.55,
12/4/87,10.6,
12/11/87,10.66,
12/18/87,10.69,
12/25/87,10.64,
12/31/87,10.61,
1/8/88,10.5,
1/15/88,10.53,
1/22/88,10.34,
1/29/88,10.16,
2/5/88,9.94,
2/12/88,9.84,
2/19/88,9.92,
2/26/88,9.87,
3/4/88,9.85,
3/11/88,9.96,
3/18/88,9.92,
3/25/88,9.99,
4/1/88,10.05,
4/8/88,10.19,
4/15/88,10.19,
4/22/88,10.3,
4/29/88,10.28,
5/6/88,10.32,
5/13/88,10.4,
5/20/88,10.52,
5/27/88,10.58,
6/3/88,10.58,
6/10/88,10.51,
6/17/88,10.35,
6/24/88,10.4,
7/1/88,10.39,
7/8/88,10.38,
7/15/88,10.44,
7/22/88,10.46,
7/29/88,10.49,
8/5/88,10.44,
8/12/88,10.57,
8/19/88,10.71,
8/26/88,10.67,
9/2/88,10.65,
9/9/88,10.53,
9/16/88,10.4,
9/23/88,10.4,
9/30/88,10.42,
10/7/88,10.38,
10/14/88,10.33,
10/21/88,10.28,
10/28/88,10.22,
11/4/88,10.12,
11/11/88,10.24,
11/18/88,10.31,
11/25/88,10.39,
12/2/88,10.44,
12/9/88,10.46,
12/16/88,10.71,
12/23/88,10.68,
12/30/88,10.77,
1/6/89,10.8,
1/13/89,10.81,
1/20/89,10.71,
1/27/89,10.6,
2/3/89,10.55,
2/10/89,10.56,
2/17/89,10.69,
2/24/89,10.78,
3/3/89,10.91,
3/10/89,10.86,
3/17/89,10.98,
3/24/89,11.22,
3/31/89,11.19,
4/7/89,11.07,
4/14/89,11.11,
4/21/89,10.99,
4/28/89,11.03,
5/5/89,10.97,
5/12/89,10.93,
5/19/89,10.69,
5/26/89,10.5,
6/2/89,10.48,
6/9/89,10.2,
6/16/89,10.04,
6/23/89,10.19,
6/30/89,10.07,
7/7/89,10.03,
7/14/89,9.82,
7/21/89,9.87,
7/28/89,9.81,
8/4/89,9.68,
8/11/89,9.96,
8/18/89,10.09,
8/25/89,10.21,
9/1/89,10.22,
9/8/89,10.17,
9/15/89,10.05,
9/22/89,10.03,
9/29/89,10.16,
10/6/89,10.1,
10/13/89,9.95,
10/20/89,9.92,
10/27/89,9.82,
11/3/89,9.82,
11/10/89,9.79,
11/17/89,9.72,
11/24/89,9.74,
12/1/89,9.74,
12/8/89,9.76,
12/15/89,9.75,
12/22/89,9.69,
12/29/89,9.78,
1/5/90,9.83,
1/12/90,9.8,
1/19/90,9.9,
1/26/90,10.05,
2/2/90,10.17,
2/9/90,10.21,
2/16/90,10.1,
2/23/90,10.31,
3/2/90,10.23,
3/9/90,10.29,
3/16/90,10.34,
3/23/90,10.26,
3/30/90,10.22,
4/6/90,10.26,
4/13/90,10.25,
4/20/90,10.41,
4/27/90,10.56,
5/4/90,10.67,
5/11/90,10.54,
5/18/90,10.37,
5/25/90,10.33,
6/1/90,10.29,
6/8/90,10.1,
6/15/90,10.12,
6/22/90,10.16,
6/29/90,10.15,
7/6/90,10.06,
7/13/90,10.11,
7/20/90,9.99,
7/27/90,9.98,
8/3/90,9.84,
8/10/90,10.08,
8/17/90,10.05,
8/24/90,10.29,
8/31/90,10.24,
9/7/90,10.19,
9/14/90,10.13,
9/21/90,10.16,
9/28/90,10.22,
10/5/90,10.08,
10/12/90,10.22,
10/19/90,10.24,
10/26/90,10.17,
11/2/90,10.13,
11/9/90,10.09,
11/16/90,10.02,
11/23/90,9.93,
11/30/90,9.9,
12/7/90,9.81,
12/14/90,9.56,
12/21/90,9.64,
12/28/90,9.68,
1/4/91,9.56,
1/11/91,9.63,
1/18/91,9.75,
1/25/91,9.61,
2/1/91,9.56,
2/8/91,9.36,
2/15/91,9.25,
2/22/91,9.29,
3/1/91,9.4,
3/8/91,9.49,
3/15/91,9.5,
3/22/91,9.59,
3/29/91,9.52,
4/5/91,9.49,
4/12/91,9.48,
4/19/91,9.47,
4/26/91,9.53,
5/3/91,9.47,
5/10/91,9.47,
5/17/91,9.5,
5/24/91,9.47,
5/31/91,9.45,
6/7/91,9.48,
6/14/91,9.66,
6/21/91,9.65,
6/28/91,9.67,
7/5/91,9.62,
7/12/91,9.64,
7/19/91,9.54,
7/26/91,9.5,
8/2/91,9.44,
8/9/91,9.27,
8/16/91,9.19,
8/23/91,9.17,
8/30/91,9.15,8.77
9/6/91,9.14,8.79
9/13/91,9.02,8.68
9/20/91,8.95,8.62
9/27/91,8.92,8.59
10/4/91,8.87,8.51
10/11/91,8.82,8.46
10/18/91,8.82,8.45
10/25/91,8.91,8.51
11/1/91,8.78,8.41
11/8/91,8.76,8.36
11/15/91,8.69,8.32
11/22/91,8.63,8.25
11/29/91,8.7,8.29
12/6/91,8.62,8.21
12/13/91,8.53,8.1
12/20/91,8.49,8.07
12/27/91,8.35,7.9
1/3/92,8.24,7.79
1/10/92,8.23,7.79
1/17/92,8.45,8.03
1/24/92,8.56,8.14
1/31/92,8.68,8.28
2/7/92,8.67,8.3
2/14/92,8.73,8.36
2/21/92,8.82,8.43
2/28/92,8.83,8.44
3/6/92,8.85,8.48
3/13/92,8.88,8.51
3/20/92,9.03,8.69
3/27/92,8.98,8.63
4/3/92,8.96,8.57
4/10/92,8.84,8.44
4/17/92,8.76,8.38
4/24/92,8.85,8.49
5/1/92,8.84,8.46
5/8/92,8.75,8.38
5/15/92,8.64,8.26
5/22/92,8.53,8.16
5/29/92,8.6,8.21
6/5/92,8.59,8.18
6/12/92,8.54,8.12
6/19/92,8.48,8.03
6/26/92,8.43,7.98
7/3/92,8.29,7.84
7/10/92,8.13,7.67
7/17/92,8.09,7.63
7/24/92,8.08,7.61
7/31/92,8.05,7.6
8/7/92,8.06,7.59
8/14/92,7.96,7.48
8/21/92,7.87,7.38
8/28/92,8.01,7.51
9/4/92,7.94,7.44
9/11/92,7.84,7.33
9/18/92,7.89,7.37
9/24/92,8.02,7.48
10/2/92,7.93,7.37
10/9/92,8.01,7.46
10/16/92,8.06,7.51
10/23/92,8.23,7.71
10/30/92,8.21,7.68
11/6/92,8.29,7.75
11/13/92,8.32,7.79
11/20/92,8.32,7.83
11/27/92,8.29,7.81
12/4/92,8.34,7.87
12/11/92,8.23,7.77
12/18/92,8.19,7.74
12/25/92,8.13,7.65
12/31/92,8.14,7.68
1/8/93,8.07,7.6
1/15/93,8.04,7.56
1/22/93,8,7.51
1/29/93,7.86,7.37
2/5/93,7.8,7.29
2/12/93,7.75,7.25
2/19/93,7.65,7.12
2/26/93,7.53,7.02
3/5/93,7.44,6.91
3/12/93,7.47,6.97
3/19/93,7.57,7.07
3/26/93,7.5,7.01
4/2/93,7.53,7.03
4/9/93,7.57,7.07
4/16/93,7.45,6.93
4/23/93,7.38,6.86
4/30/93,7.43,6.91
5/7/93,7.42,6.88
5/14/93,7.42,6.86
5/21/93,7.52,6.98
5/28/93,7.5,6.99
6/4/93,7.47,6.97
6/11/93,7.48,6.98
6/18/93,7.38,6.87
6/25/93,7.34,6.84
7/2/93,7.23,6.76
7/9/93,7.19,6.71
7/16/93,7.16,6.67
7/23/93,7.2,6.7
7/30/93,7.25,6.75
8/6/93,7.21,6.72
8/13/93,7.17,6.68
8/20/93,7.1,6.62
8/27/93,6.97,6.49
9/3/93,6.93,6.45
9/10/93,6.82,6.35
9/17/93,6.96,6.49
9/24/93,6.95,6.47
10/1/93,6.89,6.41
10/8/93,6.87,6.39
10/15/93,6.81,6.36
10/22/93,6.74,6.31
10/29/93,6.86,6.4
11/5/93,7.11,6.65
11/12/93,7.12,6.64
11/19/93,7.08,6.62
11/26/93,7.31,6.84
12/4/93,7.25,6.74
12/10/93,7.14,6.65
12/17/93,7.17,6.7
12/24/93,7.17,6.69
12/31/93,7.13,6.63
1/7/94,7.23,6.74
1/14/94,6.99,6.48
1/21/94,7.05,6.57
1/28/94,6.97,6.47
2/4/94,6.97,6.46
2/11/94,7.21,6.72
2/18/94,7.11,6.64
2/25/94,7.32,6.8
3/4/94,7.51,7.01
3/11/94,7.63,7.15
3/18/94,7.76,7.27
3/25/94,7.8,7.3
4/1/94,8.04,7.55
4/8/94,8.47,7.91
4/15/94,8.26,7.72
4/22/94,8.49,7.97
4/29/94,8.32,7.85
5/6/94,8.53,8.03
5/13/94,8.77,8.25
5/20/94,8.56,8.04
5/27/94,8.53,7.99
6/3/94,8.55,8.02
6/10/94,8.25,7.79
6/17/94,8.33,7.83
6/24/94,8.46,8
7/1/94,8.57,8.07
7/8/94,8.68,8.15
7/15/94,8.72,8.2
7/22/94,8.53,8.05
7/29/94,8.57,8.09
8/5/94,8.38,7.9
8/12/94,8.57,8.08
8/19/94,8.54,8.05
8/26/94,8.56,8.05
9/2/94,8.48,7.96
9/9/94,8.51,8.03
9/16/94,8.66,8.15
9/23/94,8.73,8.21
9/30/94,8.82,8.31
10/7/94,8.89,8.38
10/14/94,8.93,8.4
10/21/94,8.85,8.3
10/28/94,9.03,8.47
11/4/94,9.05,8.51
11/11/94,9.19,8.67
11/18/94,9.19,8.71
11/25/94,9.25,8.77
12/2/94,9.23,8.76
12/9/94,9.15,8.77
12/16/94,9.25,8.89
12/23/94,9.18,8.79
12/30/94,9.18,8.81
1/6/95,9.22,8.87
1/13/95,9.19,8.85
1/20/95,9.05,8.7
1/27/95,9.13,8.76
2/3/95,8.94,8.59
2/10/95,8.8,8.45
2/17/95,8.84,8.46
2/24/95,8.73,8.34
3/3/95,8.53,8.15
3/10/95,8.62,8.24
3/17/95,8.38,8
3/24/95,8.4,7.97
3/31/95,8.38,7.96
4/7/95,8.41,7.99
4/14/95,8.37,7.93
4/21/95,8.24,7.8
4/28/95,8.26,7.8
5/5/95,8.27,7.8
5/12/95,7.87,7.45
5/19/95,7.83,7.39
5/26/95,7.85,7.4
6/2/95,7.71,7.24
6/9/95,7.51,7
6/16/95,7.55,7.03
6/23/95,7.53,7.01
6/30/95,7.53,7.03
7/7/95,7.63,7.11
7/14/95,7.41,6.89
7/21/95,7.6,7.08
7/28/95,7.79,7.27
8/4/95,7.82,7.31
8/11/95,7.8,7.31
8/18/95,7.94,7.43
8/25/95,7.88,7.39
9/1/95,7.76,7.27
9/8/95,7.63,7.16
9/15/95,7.6,7.12
9/22/95,7.57,7.09
9/29/95,7.62,7.16
10/6/95,7.57,7.09
10/13/95,7.5,7.01
10/20/95,7.38,6.92
10/27/95,7.45,7.01
11/3/95,7.44,6.97
11/9/95,7.37,6.87
11/17/95,7.35,6.86
11/24/95,7.35,6.85
12/1/95,7.33,6.85
12/8/95,7.18,6.74
12/15/95,7.15,6.71
12/22/95,7.23,6.73
12/29/95,7.11,6.65
1/5/96,7.02,6.56
1/12/96,7.08,6.59
1/19/96,7.02,6.53
1/26/96,7,6.5
2/2/96,7.02,6.52
2/9/96,7.02,6.51
2/16/96,6.94,6.44
2/23/96,7.32,6.77
3/1/96,7.41,6.87
3/8/96,7.38,6.87
3/15/96,7.83,7.32
3/22/96,7.81,7.32
3/29/96,7.69,7.19
4/5/96,7.78,7.29
4/12/96,8.05,7.56
4/19/96,7.95,7.48
4/26/96,7.92,7.43
5/3/96,7.99,7.5
5/10/96,8.24,7.75
5/17/96,8.08,7.59
5/24/96,8.01,7.51
5/31/96,8.03,7.54
6/7/96,8.3,7.8
6/14/96,8.39,7.9
6/21/96,8.3,7.81
6/28/96,8.29,7.82
7/5/96,8.14,7.67
7/12/96,8.42,7.93
7/19/96,8.23,7.76
7/26/96,8.19,7.71
8/2/96,8.23,7.75
8/9/96,7.88,7.4
8/16/96,7.88,7.39
8/23/96,7.93,7.45
8/30/96,8.09,7.6
9/6/96,8.34,7.88
9/13/96,8.28,7.81
9/20/96,8.14,7.64
9/27/96,8.16,7.68
10/4/96,8.06,7.58
10/11/96,7.86,7.38
10/18/96,7.88,7.39
10/25/96,7.86,7.37
11/1/96,7.78,7.3
11/8/96,7.67,7.2
11/15/96,7.59,7.11
11/22/96,7.53,7.06
11/29/96,7.52,7.04
12/6/96,7.44,6.96
12/13/96,7.57,7.06
12/20/96,7.74,7.21
12/27/96,7.64,7.16
1/3/97,7.67,7.18
1/10/97,7.85,7.35
1/17/97,7.87,7.38
1/24/97,7.85,7.35
1/31/97,7.88,7.38
2/7/97,7.74,7.25
2/14/97,7.65,7.14
2/21/97,7.56,7.06
2/28/97,7.65,7.15
3/7/97,7.84,7.35
3/14/97,7.84,7.34
3/21/97,7.94,7.45
3/28/97,7.97,7.48
4/4/97,8.18,7.7
4/11/97,8.15,7.67
4/18/97,8.16,7.71
4/25/97,8.08,7.62
5/2/97,8.01,7.53
5/9/97,7.94,7.47
5/16/97,7.91,7.44
5/23/97,7.92,7.45
5/30/97,7.94,7.47
6/6/97,7.85,7.4
6/13/97,7.72,7.27
6/20/97,7.61,7.14
6/27/97,7.58,7.13
7/4/97,7.62,7.15
7/11/97,7.47,7.01
7/18/97,7.47,7.01
7/25/97,7.43,6.98
8/1/97,7.36,6.9
8/8/97,7.46,7
8/15/97,7.54,7.07
8/22/97,7.46,6.99
8/29/97,7.58,7.12
9/5/97,7.53,7.08
9/12/97,7.53,7.07
9/19/97,7.38,6.94
9/26/97,7.28,6.86
10/3/97,7.31,6.87
10/10/97,7.26,6.82
10/17/97,7.34,6.89
10/24/97,7.35,6.9
10/31/97,7.21,6.76
11/7/97,7.24,6.8
11/14/97,7.23,6.78
11/21/97,7.18,6.73
11/28/97,7.17,6.73
12/5/97,7.15,6.71
12/12/97,7.17,6.72
12/19/97,7.07,6.65
12/26/97,6.99,6.57
1/2/98,7.03,6.61
1/9/98,6.94,6.55
1/16/98,6.89,6.46
1/23/98,6.99,6.56
1/30/98,7.12,6.7
2/6/98,7.03,6.62
2/13/98,7.06,6.65
2/20/98,6.99,6.59
2/28/98,7.09,6.69
3/6/98,7.19,6.8
3/13/98,7.16,6.78
3/20/98,7.08,6.7
3/27/98,7.08,6.69
4/3/98,7.15,6.79
4/10/98,7.09,6.74
4/17/98,7.17,6.81
4/24/98,7.15,6.78
5/1/98,7.22,6.85
5/8/98,7.14,6.78
5/15/98,7.19,6.82
5/22/98,7.1,6.75
5/29/98,7.07,6.72
6/5/98,7.05,6.7
6/12/98,7.04,6.71
6/19/98,6.94,6.62
6/26/98,6.96,6.64
7/3/98,6.98,6.65
7/10/98,6.91,6.6
7/17/98,6.94,6.6
7/24/98,6.96,6.63
7/31/98,6.97,6.64
8/7/98,6.94,6.63
8/14/98,6.91,6.6
8/21/98,6.92,6.61
8/28/98,6.92,6.61
9/4/98,6.82,6.51
9/11/98,6.77,6.43
9/18/98,6.66,6.35
9/25/98,6.64,6.32
10/2/98,6.6,6.27
10/9/98,6.49,6.15
10/16/98,6.9,6.58
10/23/98,6.73,6.34
10/30/98,6.83,6.48
11/6/98,6.89,6.5
11/13/98,6.93,6.57
11/20/98,6.86,6.51
11/27/98,6.78,6.44
12/4/98,6.71,6.37
12/11/98,6.69,6.34
12/18/98,6.69,6.35
12/25/98,6.77,6.41
12/31/98,6.83,6.48
1/8/99,6.79,6.43
1/15/99,6.83,6.48
1/22/99,6.78,6.42
1/29/99,6.74,6.37
2/5/99,6.75,6.38
2/12/99,6.77,6.4
2/19/99,6.82,6.46
2/26/99,6.89,6.51
3/5/99,7.06,6.7
3/12/99,7.11,6.75
3/19/99,7.01,6.64
3/26/99,6.98,6.61
4/2/99,6.98,6.58
4/9/99,6.92,6.53
4/16/99,6.87,6.47
4/23/99,6.88,6.51
4/30/99,6.93,6.55
5/7/99,7.02,6.61
5/14/99,7.1,6.71
5/21/99,7.23,6.83
5/28/99,7.23,6.84
6/4/99,7.41,7.04
6/11/99,7.51,7.13
6/18/99,7.65,7.26
6/25/99,7.63,7.28
7/2/99,7.71,7.34
7/9/99,7.65,7.3
7/16/99,7.58,7.19
7/23/99,7.52,7.16
7/30/99,7.7,7.29
8/6/99,7.89,7.45
8/13/99,8.15,7.7
8/20/99,7.93,7.53
8/27/99,7.8,7.43
9/3/99,7.83,7.45
9/10/99,7.88,7.49
9/17/99,7.82,7.43
9/24/99,7.76,7.4
10/1/99,7.7,7.35
10/8/99,7.82,7.43
10/15/99,7.85,7.45
10/22/99,7.93,7.53
10/29/99,7.96,7.57
11/5/99,7.84,7.45
11/12/99,7.67,7.3
11/19/99,7.69,7.31
11/26/99,7.75,7.36
12/3/99,7.84,7.46
12/10/99,7.84,7.45
12/17/99,7.86,7.47
12/24/99,7.96,7.57
12/31/99,8.06,7.66
1/7/00,8.15,7.73
1/14/00,8.18,7.78
1/21/00,8.26,7.86
1/28/00,8.25,7.84
2/4/00,8.25,7.85
2/11/00,8.36,7.96
2/18/00,8.38,8
2/25/00,8.31,7.92
3/3/00,8.27,7.84
3/10/00,8.23,7.81
3/17/00,8.24,7.83
3/24/00,8.23,7.84
3/31/00,8.23,7.84
4/7/00,8.2,7.83
4/14/00,8.12,7.76
4/21/00,8.16,7.82
4/28/00,8.13,7.79
5/5/00,8.28,7.94
5/12/00,8.52,8.17
5/19/00,8.64,8.31
5/26/00,8.62,8.31
6/2/00,8.54,8.24
6/9/00,8.32,8.04
6/16/00,8.22,7.91
6/23/00,8.14,7.85
6/30/00,8.22,7.92
7/7/00,8.16,7.88
7/14/00,8.09,7.8
7/21/00,8.21,7.93
7/28/00,8.13,7.85
8/4/00,8.12,7.88
8/11/00,8.04,7.75
8/18/00,7.96,7.7
8/25/00,7.99,7.72
9/1/00,7.96,7.67
9/8/00,7.94,7.65
9/15/00,7.88,7.6
9/22/00,7.9,7.57
9/29/00,7.88,7.53
10/6/00,7.83,7.5
10/13/00,7.84,7.52
10/20/00,7.83,7.5
10/27/00,7.68,7.36
11/3/00,7.73,7.41
11/10/00,7.79,7.44
11/17/00,7.73,7.41
11/24/00,7.73,7.41
12/1/00,7.65,7.35
12/8/00,7.54,7.19
12/15/00,7.42,7.11
12/22/00,7.17,6.84
12/29/00,7.13,6.79
1/5/01,7.07,6.74
1/12/01,6.89,6.49
1/19/01,7.02,6.63
1/26/01,7.15,6.7
2/2/01,7.09,6.66
2/9/01,6.98,6.6
2/16/01,7.01,6.61
2/23/01,7.12,6.69
3/2/01,7.03,6.58
3/9/01,6.97,6.52
3/16/01,6.96,6.54
3/23/01,6.89,6.44
3/30/01,6.91,6.46
4/6/01,7.01,6.54
4/13/01,7.04,6.55
4/20/01,7.14,6.66
4/27/01,7.12,6.63
5/4/01,7.14,6.66
5/11/01,7.1,6.61
5/18/01,7.14,6.67
5/25/01,7.2,6.76
6/1/01,7.24,6.78
6/8/01,7.2,6.74
6/15/01,7.14,6.7
6/22/01,7.11,6.65
6/29/01,7.11,6.63
7/6/01,7.19,6.74
7/13/01,7.21,6.76
7/20/01,7.08,6.65
7/27/01,7.03,6.58
8/3/01,7,6.54
8/10/01,7,6.54
8/17/01,6.92,6.48
8/24/01,6.91,6.47
8/31/01,6.92,6.47
9/7/01,6.89,6.44
9/14/01,6.86,6.39
9/21/01,6.8,6.3
9/28/01,6.72,6.23
10/5/01,6.64,6.11
10/12/01,6.58,6.06
10/19/01,6.61,6.09
10/26/01,6.64,6.13
11/2/01,6.56,6.04
11/9/01,6.45,5.94
11/16/01,6.51,5.98
11/23/01,6.75,6.24
11/30/01,7.02,6.53
12/7/01,6.84,6.3
12/14/01,7.09,6.57
12/21/01,7.17,6.65
12/28/01,7.16,6.65
1/4/02,7.14,6.62
1/11/02,7.06,6.55
1/18/02,6.83,6.31
1/25/02,6.96,6.44
2/1/02,7.02,6.51
2/8/02,6.88,6.36
2/15/02,6.86,6.35
2/22/02,6.81,6.28
3/1/02,6.8,6.28
3/8/02,6.87,6.37
3/15/02,7.08,6.59
3/22/02,7.14,6.65
3/29/02,7.18,6.69
4/5/02,7.13,6.64
4/12/02,6.99,6.49
4/19/02,6.94,6.42
4/26/02,6.88,6.35
5/3/02,6.78,6.26
5/10/02,6.79,6.27
5/17/02,6.89,6.37
5/24/02,6.81,6.28
5/31/02,6.76,6.22
6/7/02,6.71,6.18
6/14/02,6.71,6.17
6/21/02,6.63,6.08
6/28/02,6.55,5.99
7/5/02,6.57,6.03
7/12/02,6.54,6
7/19/02,6.49,5.93
7/26/02,6.34,5.76
8/2/02,6.43,5.84
8/9/02,6.31,5.69
8/16/02,6.22,5.63
8/23/02,6.27,5.71
8/30/02,6.22,5.64
9/6/02,6.15,5.56
9/13/02,6.18,5.59
9/20/02,6.05,5.47
9/27/02,5.99,5.41
10/4/02,6.01,5.4
10/11/02,5.98,5.34
10/18/02,6.15,5.56
10/25/02,6.31,5.7
11/1/02,6.13,5.51
11/8/02,6.11,5.48
11/15/02,5.94,5.32
11/22/02,6.03,5.44
11/29/02,6.13,5.57
12/6/02,6.19,5.6
12/13/02,6.04,5.46
12/20/02,6.03,5.42
12/27/02,5.93,5.32
1/3/03,5.85,5.24
1/10/03,5.95,5.33
1/17/03,5.97,5.36
1/24/03,5.91,5.31
1/31/03,5.9,5.28
2/7/03,5.88,5.27
2/14/03,5.86,5.26
2/21/03,5.84,5.21
2/28/03,5.79,5.14
3/7/03,5.67,5.01
3/14/03,5.61,4.93
3/21/03,5.79,5.11
3/28/03,5.91,5.21
4/4/03,5.79,5.06
4/11/03,5.85,5.17
4/18/03,5.82,5.12
4/25/03,5.79,5.12
5/2/03,5.7,5.03
5/9/03,5.62,4.97
5/16/03,5.45,4.84
5/23/03,5.34,4.73
5/30/03,5.31,4.73
6/6/03,5.26,4.66
6/13/03,5.21,4.6
6/20/03,5.21,4.62
6/27/03,5.24,4.63
7/4/03,5.4,4.75
7/11/03,5.52,4.85
7/18/03,5.67,5
7/25/03,5.94,5.27
8/1/03,6.14,5.44
8/8/03,6.34,5.66
8/15/03,6.24,5.58
8/22/03,6.28,5.6
8/29/03,6.32,5.66
9/5/03,6.44,5.77
9/12/03,6.16,5.46
9/19/03,6.01,5.3
9/26/03,5.98,5.3
10/3/03,5.77,5.1
10/10/03,5.95,5.26
10/17/03,6.05,5.36
10/24/03,6.05,5.39
10/31/03,5.94,5.26
11/7/03,5.98,5.31
11/14/03,6.03,5.39
11/21/03,5.83,5.17
11/28/03,5.89,5.22
12/5/03,6.02,5.36
12/12/03,5.88,5.24
12/19/03,5.82,5.14
12/26/03,5.81,5.13
12/31/03,5.85,5.15
1/8/04,5.87,5.17
1/15/04,5.66,4.97
1/22/04,5.64,4.95
1/29/04,5.68,4.97
2/5/04,5.72,5.03
2/12/04,5.66,4.96
2/19/04,5.58,4.87
2/26/04,5.58,4.89
3/4/04,5.59,4.88
3/11/04,5.41,4.69
3/18/04,5.38,4.69
3/25/04,5.4,4.7
4/1/04,5.52,4.84
4/8/04,5.79,5.12
4/15/04,5.89,5.23
4/22/04,5.94,5.25
4/29/04,6.01,5.35
5/6/04,6.12,5.47
5/13/04,6.34,5.72
5/20/04,6.3,5.67
5/27/04,6.32,5.69
6/3/04,6.28,5.63
6/10/04,6.3,5.67
6/17/04,6.32,5.7
6/24/04,6.25,5.64
7/1/04,6.21,5.62
7/8/04,6.01,5.42
7/15/04,6,5.4
7/22/04,5.98,5.39
7/29/04,6.08,5.49
8/5/04,5.99,5.4
8/12/04,5.85,5.24
8/19/04,5.81,5.19
8/26/04,5.82,5.21
9/2/04,5.77,5.15
9/9/04,5.83,5.22
9/16/04,5.75,5.13
9/23/04,5.7,5.1
9/30/04,5.72,5.12
10/7/04,5.82,5.24
10/14/04,5.74,5.14
10/21/04,5.69,5.07
10/28/04,5.64,5.01
11/4/04,5.7,5.08
11/11/04,5.76,5.16
11/18/04,5.74,5.15
11/24/04,5.72,5.15
12/2/04,5.81,5.23
12/9/04,5.71,5.14
12/16/04,5.68,5.11
12/22/04,5.75,5.18
12/29/04,5.81,5.23
1/6/05,5.77,5.21
1/13/05,5.74,5.19
1/20/05,5.67,5.15
1/27/05,5.66,5.14
2/3/05,5.63,5.14
2/10/05,5.57,5.1
2/17/05,5.62,5.14
2/24/05,5.69,5.22
3/3/05,5.79,5.33
3/10/05,5.85,5.38
3/17/05,5.95,5.47
3/24/05,6.01,5.56
3/31/05,6.04,5.58
4/7/05,5.93,5.48
4/14/05,5.91,5.46
4/21/05,5.8,5.36
4/28/05,5.78,5.33
5/5/05,5.75,5.31
5/12/05,5.77,5.33
5/19/05,5.71,5.27
5/26/05,5.65,5.21
6/2/05,5.62,5.2
6/9/05,5.56,5.14
6/16/05,5.63,5.22
6/23/05,5.57,5.16
6/30/05,5.53,5.12
7/7/05,5.62,5.2
7/14/05,5.66,5.25
7/21/05,5.73,5.32
7/28/05,5.77,5.34
8/4/05,5.82,5.38
8/11/05,5.89,5.47
8/18/05,5.8,5.4
8/25/05,5.77,5.35
9/1/05,5.71,5.32
9/8/05,5.71,5.3
9/15/05,5.74,5.32
9/22/05,5.8,5.37
9/29/05,5.91,5.48
10/6/05,5.98,5.54
10/13/05,6.03,5.62
10/20/05,6.1,5.65
10/27/05,6.15,5.69
11/3/05,6.31,5.85
11/10/05,6.36,5.89
11/17/05,6.37,5.9
11/23/05,6.28,5.81
12/1/05,6.26,5.81
12/8/05,6.32,5.87
12/15/05,6.3,5.85
12/22/05,6.26,5.79
12/29/05,6.22,5.76
1/5/06,6.21,5.76
1/12/06,6.15,5.71
1/19/06,6.1,5.67
1/26/06,6.12,5.7
2/2/06,6.23,5.81
2/9/06,6.24,5.83
2/16/06,6.28,5.91
2/23/06,6.26,5.89
3/2/06,6.24,5.89
3/9/06,6.37,6
3/16/06,6.34,5.98
3/23/06,6.32,5.97
3/30/06,6.35,6
4/6/06,6.43,6.1
4/13/06,6.49,6.14
4/20/06,6.53,6.17
4/27/06,6.58,6.21
5/4/06,6.59,6.22
5/11/06,6.58,6.17
5/18/06,6.6,6.2
5/25/06,6.62,6.23
6/1/06,6.67,6.26
6/8/06,6.62,6.23
6/15/06,6.63,6.25
6/22/06,6.71,6.36
6/29/06,6.78,6.43
7/6/06,6.79,6.44
7/13/06,6.74,6.37
7/20/06,6.8,6.41
7/27/06,6.72,6.34
8/3/06,6.63,6.27
8/10/06,6.55,6.2
8/17/06,6.52,6.2
8/24/06,6.48,6.18
8/31/06,6.44,6.14
9/7/06,6.47,6.16
9/14/06,6.43,6.11
9/21/06,6.4,6.06
9/28/06,6.31,5.98
10/5/06,6.3,5.98
10/12/06,6.37,6.06
10/19/06,6.36,6.06
10/26/06,6.4,6.1
11/2/06,6.31,6.02
11/9/06,6.33,6.04
11/16/06,6.24,5.94
11/22/06,6.18,5.91
11/30/06,6.14,5.87
12/7/06,6.11,5.84
12/14/06,6.12,5.86
12/21/06,6.13,5.89
12/28/06,6.18,5.93
1/4/07,6.18,5.94
1/11/07,6.21,5.96
1/18/07,6.23,5.98
1/25/07,6.25,5.98
2/1/07,6.34,6.06
2/8/07,6.28,6.02
2/15/07,6.3,6.03
2/22/07,6.22,5.97
3/1/07,6.18,5.92
3/8/07,6.14,5.86
3/15/07,6.14,5.88
3/22/07,6.16,5.9
3/29/07,6.16,5.86
4/5/07,6.17,5.87
4/12/07,6.22,5.9
4/19/07,6.17,5.89
4/26/07,6.16,5.87
5/3/07,6.16,5.87
5/10/07,6.15,5.87
5/17/07,6.21,5.92
5/24/07,6.37,6.06
5/31/07,6.42,6.12
6/7/07,6.53,6.22
6/14/07,6.74,6.43
6/21/07,6.69,6.37
6/28/07,6.67,6.34
7/5/07,6.63,6.3
7/12/07,6.73,6.39
7/19/07,6.73,6.38
7/26/07,6.69,6.37
8/2/07,6.68,6.32
8/9/07,6.59,6.25
8/16/07,6.62,6.3
8/23/07,6.52,6.18
8/30/07,6.45,6.12
9/6/07,6.46,6.15
9/13/07,6.31,5.97
9/20/07,6.34,5.98
9/27/07,6.42,6.09
10/4/07,6.37,6.03
10/11/07,6.4,6.06
10/18/07,6.4,6.08
10/25/07,6.33,5.99
11/1/07,6.26,5.91
11/8/07,6.24,5.9
11/15/07,6.24,5.88
11/21/07,6.2,5.83
11/29/07,6.1,5.73
12/6/07,5.96,5.65
12/13/07,6.11,5.78
12/20/07,6.14,5.79
12/27/07,6.17,5.79
1/3/08,6.07,5.68
1/10/08,5.87,5.43
1/17/08,5.69,5.21
1/24/08,5.48,4.95
1/31/08,5.68,5.17
2/7/08,5.67,5.15
2/14/08,5.72,5.25
2/21/08,6.04,5.64
2/28/08,6.24,5.72
3/6/08,6.03,5.47
3/13/08,6.13,5.6
3/20/08,5.87,5.27
3/27/08,5.85,5.34
4/3/08,5.88,5.42
4/10/08,5.88,5.42
4/17/08,5.88,5.4
4/24/08,6.03,5.62
5/1/08,6.06,5.59
5/8/08,6.05,5.6
5/15/08,6.01,5.6
5/22/08,5.98,5.55
5/29/08,6.08,5.66
6/5/08,6.09,5.65
6/12/08,6.32,5.93
6/19/08,6.42,6.02
6/26/08,6.45,6.04
7/3/08,6.35,5.92
7/10/08,6.37,5.91
7/17/08,6.26,5.78
7/24/08,6.63,6.18
7/31/08,6.52,6.07
8/7/08,6.52,6.1
8/14/08,6.52,6.07
8/21/08,6.47,6
8/28/08,6.4,5.93
9/4/08,6.35,5.9
9/11/08,5.93,5.54
9/18/08,5.78,5.35
9/25/08,6.09,5.77
10/2/08,6.1,5.78
10/9/08,5.94,5.63
10/16/08,6.46,6.14
10/23/08,6.04,5.72
10/30/08,6.46,6.19
11/6/08,6.2,5.88
11/13/08,6.14,5.81
11/20/08,6.04,5.73
11/26/08,5.97,5.74
12/4/08,5.53,5.33
12/11/08,5.47,5.2
12/18/08,5.19,4.92
12/24/08,5.14,4.91
12/31/08,5.1,4.83
1/8/09,5.01,4.62
1/15/09,4.96,4.65
1/22/09,5.12,4.8
1/29/09,5.1,4.8
2/5/09,5.25,4.92
2/12/09,5.16,4.81
2/19/09,5.04,4.68
2/26/09,5.07,4.68
3/5/09,5.15,4.72
3/12/09,5.03,4.64
3/19/09,4.98,4.61
3/26/09,4.85,4.58
4/2/09,4.78,4.52
4/9/09,4.87,4.54
4/16/09,4.82,4.48
4/23/09,4.8,4.48
4/30/09,4.78,4.48
5/7/09,4.84,4.51
5/14/09,4.86,4.52
5/21/09,4.82,4.5
5/28/09,4.91,4.53
6/4/09,5.29,4.79
6/11/09,5.59,5.06
6/18/09,5.38,4.89
6/25/09,5.42,4.87
7/2/09,5.32,4.77
7/9/09,5.2,4.69
7/16/09,5.14,4.63
7/23/09,5.2,4.68
7/30/09,5.25,4.69
8/6/09,5.22,4.63
8/13/09,5.29,4.68
8/20/09,5.12,4.56
8/27/09,5.14,4.58
9/3/09,5.08,4.54
9/10/09,5.07,4.5
9/17/09,5.04,4.47
9/24/09,5.04,4.46
10/1/09,4.94,4.36
10/8/09,4.87,4.33
10/15/09,4.92,4.37
10/22/09,5,4.43
10/29/09,5.03,4.46
11/5/09,4.98,4.4
11/12/09,4.91,4.36
11/19/09,4.83,4.32
11/25/09,4.78,4.29
12/3/09,4.71,4.27
12/10/09,4.81,4.32
12/17/09,4.94,4.38
12/24/09,5.05,4.45
12/31/09,5.14,4.54
1/7/10,5.09,4.5
1/14/10,5.06,4.45
1/21/10,4.99,4.4
1/28/10,4.98,4.39
2/4/10,5.01,4.4
2/11/10,4.97,4.34
2/18/10,4.93,4.33
2/25/10,5.05,4.4
3/4/10,4.97,4.33
3/11/10,4.95,4.32
3/18/10,4.96,4.33
3/25/10,4.99,4.34
4/1/10,5.08,4.39
4/8/10,5.21,4.52
4/15/10,5.07,4.4
4/22/10,5.07,4.39
4/29/10,5.06,4.39
5/6/10,5,4.36
5/13/10,4.93,4.3
5/20/10,4.84,4.24
5/27/10,4.78,4.21
6/3/10,4.79,4.2
6/10/10,4.72,4.17
6/17/10,4.75,4.2
6/24/10,4.69,4.13
7/1/10,4.58,4.04
7/8/10,4.57,4.07
7/15/10,4.57,4.06
7/22/10,4.56,4.03
7/29/10,4.54,4
8/5/10,4.49,3.95
8/12/10,4.44,3.92
8/19/10,4.42,3.9
8/26/10,4.36,3.86
9/2/10,4.32,3.83
9/9/10,4.35,3.83
9/16/10,4.37,3.82
9/23/10,4.37,3.82
9/30/10,4.32,3.75
10/7/10,4.27,3.72
10/14/10,4.19,3.62
10/21/10,4.21,3.64
10/28/10,4.23,3.66
11/4/10,4.24,3.63
11/11/10,4.17,3.57
11/18/10,4.39,3.76
11/24/10,4.4,3.77
12/2/10,4.46,3.81
12/9/10,4.61,3.96
12/16/10,4.83,4.17
12/23/10,4.81,4.15
12/30/10,4.86,4.2
1/6/11,4.77,4.13
1/13/11,4.71,4.08
1/20/11,4.74,4.05
1/27/11,4.8,4.09
2/3/11,4.81,4.08
2/10/11,5.05,4.29
2/17/11,5,4.27
2/24/11,4.95,4.22
3/3/11,4.87,4.15
3/10/11,4.88,4.15
3/17/11,4.76,3.97
3/24/11,4.81,4.04
3/31/11,4.86,4.09
4/7/11,4.87,4.1
4/14/11,4.91,4.13
4/21/11,4.8,4.02
4/28/11,4.78,3.97
5/5/11,4.71,3.89
5/12/11,4.63,3.82
5/19/11,4.61,3.8
5/26/11,4.6,3.78
6/2/11,4.55,3.74
6/9/11,4.49,3.68
6/16/11,4.5,3.67
6/23/11,4.5,3.69
6/30/11,4.51,3.69
7/7/11,4.6,3.75
7/14/11,4.51,3.65
7/21/11,4.52,3.66
7/28/11,4.55,3.66
8/4/11,4.39,3.54
8/11/11,4.32,3.5
8/18/11,4.15,3.36
8/25/11,4.22,3.44
9/1/11,4.22,3.39
9/8/11,4.12,3.33
9/15/11,4.09,3.3
9/22/11,4.09,3.29
9/29/11,4.01,3.28
10/6/11,3.94,3.26
10/13/11,4.12,3.37
10/20/11,4.11,3.38
10/27/11,4.1,3.38
11/3/11,4,3.31
11/10/11,3.99,3.3
11/17/11,4,3.31
11/23/11,3.98,3.3
12/1/11,4,3.3
12/8/11,3.99,3.27
12/15/11,3.94,3.21
12/22/11,3.91,3.21
12/29/11,3.95,3.24
1/5/12,3.91,3.23
1/12/12,3.89,3.16
1/19/12,3.88,3.17
1/26/12,3.98,3.24
2/2/12,3.87,3.14
2/9/12,3.87,3.16
2/16/12,3.87,3.16
2/23/12,3.95,3.19
3/1/12,3.9,3.17
3/8/12,3.88,3.13
3/15/12,3.92,3.16
3/22/12,4.08,3.3
3/29/12,3.99,3.23
4/5/12,3.98,3.21
4/12/12,3.88,3.11
4/19/12,3.9,3.13
4/26/12,3.88,3.12
5/3/12,3.84,3.07
5/10/12,3.83,3.05
5/17/12,3.79,3.04
5/24/12,3.78,3.04
5/31/12,3.75,2.97
6/7/12,3.67,2.94
6/14/12,3.71,2.98
6/21/12,3.66,2.95
6/28/12,3.66,2.94
7/5/12,3.62,2.89
7/12/12,3.56,2.86
7/19/12,3.53,2.83
7/26/12,3.49,2.8
8/2/12,3.55,2.83
8/9/12,3.59,2.84
8/16/12,3.62,2.88
8/23/12,3.66,2.89
8/30/12,3.59,2.86
9/6/12,3.55,2.86
9/13/12,3.55,2.85
9/20/12,3.49,2.77
9/27/12,3.4,2.73
10/4/12,3.36,2.69
10/11/12,3.39,2.7
10/18/12,3.37,2.66
10/25/12,3.41,2.72
11/1/12,3.39,2.7
11/8/12,3.4,2.69
11/15/12,3.34,2.65
11/21/12,3.31,2.63
11/29/12,3.32,2.64
12/6/12,3.34,2.67
12/13/12,3.32,2.66
12/20/12,3.37,2.65
12/27/12,3.35,2.65
1/3/13,3.34,2.64
1/10/13,3.4,2.66
1/17/13,3.38,2.66
1/24/13,3.42,2.71
1/31/13,3.53,2.81
2/7/13,3.53,2.77
2/14/13,3.53,2.77
2/21/13,3.56,2.77
2/28/13,3.51,2.76
3/7/13,3.52,2.76
3/14/13,3.63,2.79
3/21/13,3.54,2.72
3/28/13,3.57,2.76
4/4/13,3.54,2.74
4/11/13,3.43,2.65
4/18/13,3.41,2.64
4/25/13,3.4,2.61
5/2/13,3.35,2.56
5/9/13,3.42,2.61
5/16/13,3.51,2.69
5/23/13,3.59,2.77
5/30/13,3.81,2.98
6/6/13,3.91,3.03
6/13/13,3.98,3.1
6/20/13,3.93,3.04
6/27/13,4.46,3.5
7/3/13,4.29,3.39
7/11/13,4.51,3.53
7/18/13,4.37,3.41
7/25/13,4.31,3.39
8/1/13,4.39,3.43
8/8/13,4.4,3.43
8/15/13,4.4,3.44
8/22/13,4.58,3.6
8/29/13,4.51,3.54
9/5/13,4.57,3.59
9/12/13,4.57,3.59
9/19/13,4.5,3.54
9/26/13,4.32,3.37
10/3/13,4.22,3.29
10/10/13,4.23,3.31
10/17/13,4.28,3.33
10/24/13,4.13,3.24
10/31/13,4.1,3.2
11/7/13,4.16,3.27
11/14/13,4.35,3.35
11/21/13,4.22,3.27
11/27/13,4.29,3.3
12/5/13,4.46,3.47
12/12/13,4.42,3.43
12/19/13,4.47,3.51
12/26/13,4.48,3.52
1/2/14,4.53,3.55
1/9/14,4.51,3.56
1/16/14,4.41,3.45
1/23/14,4.39,3.44
1/30/14,4.32,3.4
2/6/14,4.23,3.33
2/13/14,4.28,3.33
2/20/14,4.33,3.35
2/27/14,4.37,3.39
3/6/14,4.28,3.32
3/13/14,4.37,3.38
3/20/14,4.32,3.32
3/27/14,4.4,3.42
4/3/14,4.41,3.47
4/10/14,4.34,3.38
4/17/14,4.27,3.33
4/24/14,4.33,3.39
5/1/14,4.29,3.38
5/8/14,4.21,3.32
5/15/14,4.2,3.29
5/22/14,4.14,3.25
5/29/14,4.12,3.21
6/5/14,4.14,3.23
6/12/14,4.2,3.31
6/19/14,4.17,3.3
6/26/14,4.14,3.22
7/3/14,4.12,3.22
7/10/14,4.15,3.24
7/17/14,4.13,3.23
7/24/14,4.13,3.26
7/31/14,4.12,3.23
8/7/14,4.14,3.27
8/14/14,4.12,3.24
8/21/14,4.1,3.23
8/28/14,4.1,3.25
9/4/14,4.1,3.24
9/11/14,4.12,3.26
9/18/14,4.23,3.37
9/25/14,4.2,3.36
10/2/14,4.19,3.36
10/9/14,4.12,3.3
10/16/14,3.97,3.18
10/23/14,3.92,3.08
10/30/14,3.98,3.13
11/6/14,4.02,3.21
11/13/14,4.01,3.2
11/20/14,3.99,3.17
11/26/14,3.97,3.17
12/4/14,3.89,3.1
12/11/14,3.93,3.2
12/18/14,3.8,3.09
12/24/14,3.83,3.1
12/31/14,3.87,3.15
1/8/15,3.73,3.05
1/15/15,3.66,2.98
1/22/15,3.63,2.93
1/29/15,3.66,2.98
2/5/15,3.59,2.92
2/12/15,3.69,2.99
2/19/15,3.76,3.05
2/26/15,3.8,3.07
3/5/15,3.75,3.03
3/12/15,3.86,3.1
3/19/15,3.78,3.06
3/26/15,3.69,2.97
4/2/15,3.7,2.98
4/9/15,3.66,2.93
4/16/15,3.67,2.94
4/23/15,3.65,2.92
4/30/15,3.68,2.94
5/7/15,3.8,3.02
5/14/15,3.85,3.07
5/21/15,3.84,3.05
5/28/15,3.87,3.11
6/4/15,3.87,3.08
6/11/15,4.04,3.25
6/18/15,4,3.23
6/25/15,4.02,3.21
7/2/15,4.08,3.24
7/9/15,4.04,3.2
7/16/15,4.09,3.25
7/23/15,4.04,3.21
7/30/15,3.98,3.17
8/6/15,3.91,3.13
8/13/15,3.94,3.17
8/20/15,3.93,3.15
8/27/15,3.84,3.06
9/3/15,3.89,3.09
9/10/15,3.9,3.1
9/17/15,3.91,3.11
9/24/15,3.86,3.08
10/1/15,3.85,3.07
10/8/15,3.76,2.99
10/15/15,3.82,3.03
10/22/15,3.79,2.98
10/29/15,3.76,2.98
11/5/15,3.87,3.09
11/12/15,3.98,3.2
11/19/15,3.97,3.18
11/25/15,3.95,3.18
12/3/15,3.93,3.16
12/10/15,3.95,3.19
12/17/15,3.97,3.22
12/24/15,3.96,3.22
12/31/15,4.01,3.24
1/7/16,3.97,3.26
1/14/16,3.92,3.19
1/21/16,3.81,3.1
1/28/16,3.79,3.07
2/4/16,3.72,3.01
2/11/16,3.65,2.95
2/18/16,3.65,2.95
2/25/16,3.62,2.93
3/3/16,3.64,2.94
3/10/16,3.68,2.96
3/17/16,3.73,2.99
3/24/16,3.71,2.96
3/31/16,3.71,2.98
4/7/16,3.59,2.88
4/14/16,3.58,2.86
4/21/16,3.59,2.85
4/28/16,3.66,2.89
5/5/16,3.61,2.86
5/12/16,3.57,2.81
5/19/16,3.58,2.81
5/26/16,3.64,2.89
6/2/16,3.66,2.92
6/9/16,3.6,2.87
6/16/16,3.54,2.81
6/23/16,3.56,2.83
6/30/16,3.48,2.78
7/7/16,3.41,2.74
7/14/16,3.42,2.72
7/21/16,3.45,2.75
7/28/16,3.48,2.78
8/4/16,3.43,2.74
8/11/16,3.45,2.76
8/18/16,3.43,2.74
8/25/16,3.43,2.74
9/1/16,3.46,2.77
9/8/16,3.44,2.76
9/15/16,3.5,2.77
9/22/16,3.48,2.76
9/29/16,3.42,2.72
10/6/16,3.42,2.72
10/13/16,3.47,2.76
10/20/16,3.52,2.79
10/27/16,3.47,2.78
11/3/16,3.54,2.84
11/10/16,3.57,2.88
11/17/16,3.94,3.14
11/23/16,4.03,3.25
12/1/16,4.08,3.34
12/8/16,4.13,3.36
12/15/16,4.16,3.37
12/22/16,4.3,3.52
12/29/16,4.32,3.55
1/5/17,4.2,3.44
1/12/17,4.12,3.37
1/19/17,4.09,3.34
1/26/17,4.19,3.4
2/2/17,4.19,3.41
2/9/17,4.17,3.39
2/16/17,4.15,3.35
2/23/17,4.16,3.37
3/2/17,4.1,3.32
3/9/17,4.21,3.42
3/16/17,4.3,3.5
3/23/17,4.23,3.44
3/30/17,4.14,3.39
4/6/17,4.1,3.36
4/13/17,4.08,3.34
4/20/17,3.97,3.23
4/27/17,4.03,3.27
5/4/17,4.02,3.27
5/11/17,4.05,3.29
5/18/17,4.02,3.27
5/25/17,3.95,3.19
6/1/17,3.94,3.19
6/8/17,3.89,3.16
6/15/17,3.91,3.18
6/22/17,3.9,3.17
6/29/17,3.88,3.17
7/6/17,3.96,3.22
7/13/17,4.03,3.29
7/20/17,3.96,3.23
7/27/17,3.92,3.2
8/3/17,3.93,3.18
8/10/17,3.9,3.18
8/17/17,3.89,3.16
8/24/17,3.86,3.16
8/31/17,3.82,3.12
9/7/17,3.78,3.08
9/14/17,3.78,3.08
9/21/17,3.83,3.13
9/28/17,3.83,3.13
10/5/17,3.85,3.15
10/12/17,3.91,3.21
10/19/17,3.88,3.19
10/26/17,3.94,3.25
11/2/17,3.94,3.27
11/9/17,3.9,3.24
11/16/17,3.95,3.31
11/22/17,3.92,3.32
11/30/17,3.9,3.3
12/7/17,3.94,3.36
12/14/17,3.93,3.36
12/21/17,3.94,3.38
12/28/17,3.99,3.44
1/4/18,3.95,3.38
1/11/18,3.99,3.44
1/18/18,4.04,3.49
1/25/18,4.15,3.62
2/1/18,4.22,3.68
2/8/18,4.32,3.77
2/15/18,4.38,3.84
2/22/18,4.4,3.85
3/1/18,4.43,3.9
3/8/18,4.46,3.94
3/15/18,4.44,3.9
3/22/18,4.45,3.91
3/29/18,4.44,3.9
4/5/18,4.4,3.87
4/12/18,4.42,3.87
4/19/18,4.47,3.94
4/26/18,4.58,4.02
5/3/18,4.55,4.03
5/10/18,4.55,4.01
5/17/18,4.61,4.08
5/24/18,4.66,4.15
5/31/18,4.56,4.06
6/7/18,4.54,4.01
6/14/18,4.62,4.07
6/21/18,4.57,4.04
6/28/18,4.55,4.04
7/5/18,4.52,3.99
7/12/18,4.53,4.02
7/19/18,4.52,4
7/26/18,4.54,4.02
8/2/18,4.6,4.08
8/9/18,4.59,4.05
8/16/18,4.53,4.01
8/23/18,4.51,3.98
8/30/18,4.52,3.97
9/6/18,4.54,3.99
9/13/18,4.6,4.06
9/20/18,4.65,4.11
9/27/18,4.72,4.16
10/4/18,4.71,4.15
10/11/18,4.9,4.29
10/18/18,4.85,4.26
10/25/18,4.86,4.29
11/1/18,4.83,4.23
11/8/18,4.94,4.33
11/15/18,4.94,4.36
11/21/18,4.81,4.24
11/29/18,4.81,4.25
12/6/18,4.75,4.21
12/13/18,4.63,4.07
12/20/18,4.62,4.07
12/27/18,4.55,4.01
1/3/19,4.51,3.99
1/10/19,4.45,3.89
1/17/19,4.45,3.88
1/24/19,4.45,3.88
1/31/19,4.46,3.89
2/7/19,4.41,3.84
2/14/19,4.37,3.81
2/21/19,4.35,3.78
2/28/19,4.35,3.77
3/7/19,4.41,3.83
3/14/19,4.31,3.76
3/21/19,4.28,3.71
3/28/19,4.06,3.57
4/4/19,4.08,3.56
4/11/19,4.12,3.6
4/18/19,4.17,3.62
4/25/19,4.2,3.64
5/2/19,4.14,3.6
5/9/19,4.1,3.57
5/16/19,4.07,3.53
5/23/19,4.06,3.51
5/30/19,3.99,3.46
6/6/19,3.82,3.28
6/13/19,3.82,3.26
6/20/19,3.84,3.25
6/27/19,3.73,3.16
7/3/19,3.75,3.18
7/11/19,3.75,3.22
7/18/19,3.81,3.23
7/25/19,3.75,3.18
8/1/19,3.75,3.2
8/8/19,3.6,3.05
8/15/19,3.6,3.07
8/22/19,3.55,3.03
8/29/19,3.58,3.06
9/5/19,3.49,3
9/12/19,3.56,3.09
9/19/19,3.73,3.21
9/26/19,3.64,3.16
10/3/19,3.65,3.14
10/10/19,3.57,3.05
10/17/19,3.69,3.15
10/24/19,3.75,3.18
10/31/19,3.78,3.19
11/7/19,3.69,3.13
11/14/19,3.75,3.2
11/21/19,3.66,3.15
11/27/19,3.68,3.15
12/5/19,3.68,3.14
12/12/19,3.73,3.19
12/19/19,3.73,3.19
12/26/19,3.74,3.19
1/2/20,3.72,3.16
1/9/20,3.64,3.07
1/16/20,3.65,3.09
1/23/20,3.6,3.04
1/30/20,3.51,3
2/6/20,3.45,2.97
2/13/20,3.47,2.97
2/20/20,3.49,2.99
2/27/20,3.45,2.95
3/5/20,3.29,2.79
3/12/20,3.36,2.77
3/19/20,3.65,3.06
3/26/20,3.5,2.92
4/2/20,3.33,2.82
4/9/20,3.33,2.77
4/16/20,3.31,2.8
4/23/20,3.33,2.86
4/30/20,3.23,2.77
5/7/20,3.26,2.73
5/14/20,3.28,2.72
5/21/20,3.24,2.7
5/28/20,3.15,2.62
6/4/20,3.18,2.62
6/11/20,3.21,2.62
6/18/20,3.13,2.58
6/25/20,3.13,2.59
7/2/20,3.07,2.56
7/9/20,3.03,2.51
7/16/20,2.98,2.48
7/23/20,3.01,2.54
7/30/20,2.99,2.51
8/6/20,2.88,2.44
8/13/20,2.96,2.46
8/20/20,2.99,2.54
8/27/20,2.91,2.46
9/3/20,2.93,2.42
9/10/20,2.86,2.37
9/17/20,2.87,2.35
9/24/20,2.9,2.4
10/1/20,2.88,2.36
10/8/20,2.87,2.37
10/15/20,2.81,2.35
10/22/20,2.8,2.33
10/29/20,2.81,2.32
11/5/20,2.78,2.32
11/12/20,2.84,2.34
11/19/20,2.72,2.28
11/25/20,2.72,2.28
12/3/20,2.71,2.26
12/10/20,2.71,2.26
12/17/20,2.67,2.21
12/24/20,2.66,2.19
12/31/20,2.67,2.17
1/7/21,2.65,2.16
1/14/21,2.79,2.23
1/21/21,2.77,2.21
1/28/21,2.73,2.2
2/4/21,2.73,2.21
2/11/21,2.73,2.19
2/18/21,2.81,2.21
2/25/21,2.97,2.34
3/4/21,3.02,2.34
3/11/21,3.05,2.38
3/18/21,3.09,2.4
3/25/21,3.17,2.45
4/1/21,3.18,2.45
4/8/21,3.13,2.42
4/15/21,3.04,2.35
4/22/21,2.97,2.29
4/29/21,2.98,2.31
5/6/21,2.96,2.3
5/13/21,2.94,2.26
5/20/21,3,2.29
5/27/21,2.95,2.27
6/3/21,2.99,2.27
6/10/21,2.96,2.23
6/17/21,2.93,2.24
6/24/21,3.02,2.34
7/1/21,2.98,2.26
7/8/21,2.9,2.2
7/15/21,2.88,2.22
7/22/21,2.78,2.12
7/29/21,2.8,2.1
8/5/21,2.77,2.1
8/12/21,2.87,2.15
8/19/21,2.86,2.16
8/26/21,2.87,2.17
9/2/21,2.87,2.18
9/9/21,2.88,2.19
9/16/21,2.86,2.12
9/23/21,2.88,2.15
9/30/21,3.01,2.28
10/7/21,2.99,2.23
10/14/21,3.05,2.3
10/21/21,3.09,2.33
10/28/21,3.14,2.37