caldt,spindx,sprtrn,vwretd,vwretx
1925-12-31,12.46,,,
1926-01-30,12.74,0.02247191,-0.001783081,-0.003979716
1926-02-27,12.18,-0.04395605,-0.03329646,-0.03787568
1926-03-31,11.46,-0.0591133,-0.0577079,-0.06200729
1926-04-30,11.72,0.02268761,0.03852234,0.03485585
1926-05-28,11.81,0.007679181,0.01362326,0.009069733
1926-06-30,12.32,0.04318374,0.05642665,0.05019601
1926-07-31,12.88,0.04545455,0.04040314,0.0381681
1926-08-31,13.1,0.01708074,0.02982192,0.02574676
1926-09-30,13.4,0.02290076,0.01342017,0.009121955000000001
1926-10-30,12.98,-0.03134328,-0.03017168,-0.03243385
1926-11-30,13.27,0.02234207,0.02693683,0.01936661
1926-12-31,13.49,0.01657875,0.02604734,0.02032064
1927-01-31,13.21,-0.02075612,-0.002910215,-0.005578959000000001
1927-02-28,13.84,0.04769114,0.04552164,0.04056635
1927-03-31,13.93,0.006502890000000001,0.007324372000000001,0.002610089
1927-04-30,14.17,0.017229,0.01302062,0.01090655
1927-05-31,14.91,0.05222301,0.06235265,0.05709578
1927-06-30,14.77,-0.009389671,-0.02036983,-0.02570527
1927-07-30,15.73,0.06499662,0.08444999,0.08168719
1927-08-31,16.43,0.04450095,0.03332036,0.02862443
1927-09-30,17.14,0.04321363,0.05301614,0.04909533
1927-10-31,16.23,-0.05309218,-0.04680404,-0.04895959
1927-11-30,17.33,0.06777573,0.07054642,0.06427008000000001
1927-12-31,17.66,0.01904212,0.01929461,0.0144028
1928-01-31,17.57,-0.005096263,-0.00718228,-0.009199866000000001
1928-02-29,17.26,-0.01764371,-0.01254892,-0.01667942
1928-03-31,19.13,0.108343,0.1057519,0.1016517
1928-04-30,19.75,0.03240983,0.03472506,0.03271499
1928-05-31,20.0,0.01265823,0.01232466,0.00742204
1928-06-30,19.19,-0.0405,-0.03433005,-0.03872493
1928-07-31,19.43,0.01250651,0.01011716,0.008278435
1928-08-31,20.87,0.0741122,0.07023013,0.06551433
1928-09-29,21.37,0.02395783,0.02240854,0.01993694
1928-10-31,21.68,0.01450632,0.01383858,0.01205504
1928-11-30,24.28,0.1199262,0.1229746,0.1167039
1928-12-31,24.35,0.002883031,0.006232344000000001,0.002888041
1929-01-31,25.74,0.05708419,0.05547319,0.05389204
1929-02-28,25.59,-0.005827506000000001,-0.004874487,-0.008074565
1929-03-28,25.53,-0.002344666,0.0001539046,-0.00321312
1929-04-30,25.94,0.01605954,0.0195591,0.01823356
1929-05-31,24.83,-0.04279106,-0.04128062,-0.04610062
1929-06-29,27.62,0.1123641,0.1122935,0.1095838
1929-07-31,28.88,0.04561912,0.05001359,0.04818597
1929-08-30,31.71,0.09799169,0.09487135000000001,0.09073252
1929-09-30,30.16,-0.04888048,-0.05094072,-0.05304575
1929-10-31,24.15,-0.1992706,-0.1861502,-0.1881152
1929-11-27,20.92,-0.1337474,-0.125359,-0.1303739
1929-12-31,21.45,0.02533461,0.02775342,0.02357071
1930-01-31,22.79,0.06247086,0.05963205,0.05703175
1930-02-28,23.28,0.02150066,0.02604069,0.02151601
1930-03-31,25.14,0.0798969,0.07234769,0.06935149
1930-04-30,24.9,-0.009546540000000001,-0.01393782,-0.01586723
1930-05-29,24.49,-0.01646586,-0.01114792,-0.0153038
1930-06-30,20.46,-0.164557,-0.1557148,-0.1591818
1930-07-31,21.21,0.03665689,0.03871284,0.03639529
1930-08-29,21.37,0.007543611,0.0112663,0.006691362
1930-09-30,18.59,-0.1300889,-0.1235485,-0.1276348
1930-10-31,16.94,-0.0887574,-0.08368026,-0.08639356000000001
1930-11-29,16.57,-0.02184179,-0.01973627,-0.02411288
1930-12-31,15.34,-0.07423054,-0.07147905,-0.07770722000000001
1931-01-31,16.09,0.04889179,0.0595268,0.05672938
1931-02-28,17.93,0.1143567,0.1109427,0.1052792
1931-03-31,16.69,-0.06915784,-0.06893873,-0.073451
1931-04-30,15.09,-0.09586579,-0.09295526,-0.09546037
1931-05-29,13.02,-0.1371769,-0.1376743,-0.1430196
1931-06-30,14.83,0.1390169,0.1464917,0.1397629
1931-07-31,13.73,-0.07417397,-0.07546486,-0.07857032
1931-08-31,13.86,0.009468318,0.007778557,0.002304088
1931-09-30,9.71,-0.2994228,-0.2874612,-0.2915241
1931-10-31,10.53,0.08444902,0.07673824,0.07283363
1931-11-30,9.5,-0.09781577,-0.1009092,-0.1093963
1931-12-31,8.12,-0.1452632,-0.1375568,-0.1454713
1932-01-30,7.89,-0.02832512,-0.01880263,-0.02106684
1932-02-29,8.29,0.05069708,0.05358103,0.04523329
1932-03-31,7.31,-0.1182147,-0.1189066,-0.1252455
1932-04-30,5.83,-0.2024624,-0.2052949,-0.2076367
1932-05-31,4.47,-0.2332762,-0.2321233,-0.2401228
1932-06-30,4.43,-0.008948546,0.002767709,-0.006507285000000001
1932-07-30,6.1,0.3769752,0.3918378,0.3900057
1932-08-31,8.39,0.3754098,0.4019789,0.3941635
1932-09-30,8.08,-0.03694875,-0.02952643,-0.03411772
1932-10-31,6.96,-0.1386139,-0.1420686,-0.1432626
1932-11-30,6.55,-0.05890805,-0.05222828,-0.05870184
1932-12-31,6.89,0.0519084,0.06156931,0.05374897
1933-01-31,6.94,0.007256894000000001,0.01393835,0.0125748
1933-02-28,5.66,-0.184438,-0.1795577,-0.1860349
1933-03-31,5.85,0.0335689,0.03862698,0.03258059
1933-04-29,8.32,0.4222222,0.4143123,0.4122908
1933-05-31,9.64,0.1586538,0.1748157,0.1701668
1933-06-30,10.91,0.1317427,0.1374979,0.1339941
1933-07-31,9.95,-0.08799267,-0.08473554,-0.08547083
1933-08-31,11.09,0.1145729,0.1232718,0.1198073
1933-09-30,9.83,-0.1136159,-0.1180452,-0.1211124
1933-10-31,8.96,-0.08850458,-0.09062295000000001,-0.09158795
1933-11-29,9.88,0.1026786,0.108553,0.1020695
1933-12-30,10.1,0.02226721,0.02669359,0.0244304
1934-01-31,11.17,0.1059406,0.1150326,0.113644
1934-02-28,10.76,-0.03670546,-0.03283958,-0.03727167
1934-03-31,10.75,-0.0009293680000000001,0.005355011000000001,0.002464229
1934-04-30,10.46,-0.02697674,-0.02548971,-0.02694426
1934-05-31,9.61,-0.08126195,-0.07849651,-0.08225515
1934-06-30,9.81,0.02081165,0.02407956,0.02110231
1934-07-31,8.68,-0.1151886,-0.1198464,-0.1217233
1934-08-31,9.15,0.05414747,0.05864953,0.05162925
1934-09-29,9.1,-0.005464481,-0.0002155451,-0.003126708
1934-10-31,8.81,-0.03186813,-0.03266262,-0.0337323
1934-11-30,9.54,0.08286039,0.08605947,0.08068219
1934-12-31,9.5,-0.004192872,-0.0006808223,-0.004415121
1935-01-31,9.1,-0.04210526,-0.04236802,-0.04375531
1935-02-28,8.74,-0.03956044,-0.03683957,-0.04266039
1935-03-30,8.47,-0.03089245,-0.03145429,-0.03532426
1935-04-30,9.28,0.09563164,0.09649277,0.09534723
1935-05-31,9.58,0.03232758,0.03813545,0.03305912
1935-06-29,10.23,0.06784969,0.07053263,0.06712429
1935-07-31,11.08,0.08308896,0.08381438000000001,0.08247122
1935-08-31,11.32,0.02166065,0.02656855,0.02210459
1935-09-30,11.59,0.02385159,0.02552646,0.02217482
1935-10-31,12.46,0.07506471,0.07180338,0.07063396
1935-11-30,12.95,0.03932584,0.05194303,0.04561998
1935-12-31,13.43,0.03706564,0.03988662,0.03674383
1936-01-31,14.31,0.06552494,0.07183189,0.07018735
1936-02-29,14.55,0.01677149,0.02246132,0.01885674
1936-03-31,14.92,0.02542955,0.02402916,0.02145677
1936-04-30,13.77,-0.07707775,-0.07758793,-0.07835602
1936-05-29,14.4,0.04575163,0.05310606,0.04697143
1936-06-30,14.84,0.03055556,0.03254184,0.02950875
1936-07-31,15.85,0.0680593,0.07344232,0.07235585
1936-08-31,15.99,0.008832808000000001,0.01412382,0.008929589
1936-09-30,16.01,0.001250782,0.004816999000000001,0.001616647
1936-10-31,17.21,0.07495315,0.07628085,0.07527223
1936-11-30,17.28,0.004067403000000001,0.01066589,-0.0003212235
1936-12-31,17.18,-0.005787037,-0.003830328,-0.007289016000000001
1937-01-30,17.83,0.03783469,0.03664792,0.03591569
1937-02-27,18.09,0.01458216,0.01848299,0.01535031
1937-03-31,17.92,-0.009397457000000001,-0.003511057,-0.006241967
1937-04-30,16.43,-0.08314732,-0.08064643,-0.08149024
1937-05-28,16.26,-0.01034693,-0.00569858,-0.01168556
1937-06-30,15.4,-0.05289053,-0.05380307,-0.05785335
1937-07-31,16.98,0.1025974,0.09899053000000001,0.09801244
1937-08-31,16.04,-0.05535924,-0.05118309,-0.05629061
1937-09-30,13.76,-0.1421446,-0.1396101,-0.1436825
1937-10-30,12.36,-0.1017442,-0.1027223,-0.1037028
1937-11-30,11.11,-0.1011327,-0.0842893,-0.1002544
1937-12-31,10.55,-0.05040504,-0.04582813,-0.05301892
1938-01-31,10.69,0.01327014,0.01216333,0.01109636
1938-02-28,11.34,0.06080449,0.06575718,0.06113052
1938-03-31,8.5,-0.2504409,-0.2541062,-0.2579512
1938-04-30,9.7,0.1411765,0.1426668,0.140966
1938-05-31,9.27,-0.0443299,-0.03997348,-0.04603557
1938-06-30,11.56,0.2470334,0.2535193,0.2493041
1938-07-30,12.4,0.07266436,0.07473794,0.07387223
1938-08-31,12.06,-0.02741935,-0.02590061,-0.02946547
1938-09-30,12.24,0.01492537,0.0169319,0.01386704
1938-10-31,13.17,0.0759804,0.07896028000000001,0.0781998
1938-11-30,12.73,-0.03340926,-0.02620672,-0.03278401
1938-12-31,13.21,0.03770621,0.04480968,0.04153836
1939-01-31,12.3,-0.0688872,-0.07050574,-0.07131392
1939-02-28,12.7,0.03252032,0.03929196,0.03435658
1939-03-31,10.98,-0.1354331,-0.1348207,-0.1381709
1939-04-29,10.92,-0.005464481,-0.006611206000000001,-0.00784235
1939-05-31,11.6,0.06227106,0.06955650000000001,0.06346031
1939-06-30,10.86,-0.0637931,-0.06181011,-0.06574802
1939-07-31,12.04,0.1086556,0.1113101,0.1103546
1939-08-31,11.18,-0.07142857,-0.06755129,-0.07302507
1939-09-30,13.02,0.1645796,0.1811673,0.1775717
1939-10-31,12.83,-0.01459293,-0.01688687,-0.01763964
1939-11-30,12.2,-0.04910366,-0.04053219,-0.05114235
1939-12-30,12.49,0.02377049,0.02817748,0.02314263
1940-01-31,12.05,-0.03522818,-0.03592714,-0.03679998
1940-02-29,12.13,0.006639004,0.01313857,0.006916823000000001
1940-03-30,12.25,0.009892828000000001,0.01356089,0.01051827
1940-04-30,12.19,-0.004897959,-0.004478004000000001,-0.006230625
1940-05-31,9.27,-0.2395406,-0.2314801,-0.2397646
1940-06-29,9.98,0.07659116,0.08303536,0.07820834
1940-07-31,10.29,0.03106212,0.03308987,0.03191351
1940-08-31,10.56,0.02623907,0.03542135,0.02663104
1940-09-30,10.66,0.009469697000000001,0.01422107,0.01009557
1940-10-31,11.08,0.03939962,0.04146785,0.04017968
1940-11-30,10.61,-0.04241877,-0.02943096,-0.04299741
1940-12-31,10.58,-0.002827521,0.002927264,-0.002489798
1941-01-31,10.07,-0.04820416,-0.0455549,-0.04684655
1941-02-28,9.92,-0.01489573,-0.004728946,-0.01256983
1941-03-31,9.96,0.004032258,0.008872039,0.004172839
1941-04-30,9.31,-0.06526104,-0.0621517,-0.0634631
1941-05-31,9.35,0.004296456000000001,0.01318391,0.002139577
1941-06-30,9.85,0.05347594,0.05885145,0.05248607
1941-07-31,10.39,0.05482234,0.0571061,0.05561895
1941-08-30,10.3,-0.008662175000000001,-0.00111262,-0.009735773000000001
1941-09-30,10.2,-0.009708738,-0.007350739,-0.01149898
1941-10-31,9.5,-0.06862745,-0.0646024,-0.06595474
1941-11-29,9.1,-0.04210526,-0.02491587,-0.04210677
1941-12-31,8.69,-0.04505495,-0.03884285,-0.04620479
1942-01-31,8.81,0.01380898,0.02227606,0.02063902
1942-02-28,8.59,-0.02497162,-0.017647,-0.02464238
1942-03-31,8.01,-0.06752037,-0.06406767000000001,-0.06967586
1942-04-30,7.66,-0.04369538,-0.03798812,-0.0403225
1942-05-29,8.15,0.06396867,0.07033896,0.06011857
1942-06-30,8.3,0.01840491,0.02354413,0.01697587
1942-07-31,8.56,0.0313253,0.03603115,0.03431442
1942-08-31,8.62,0.007009346,0.01534644,0.007531022
1942-09-30,8.85,0.02668213,0.03244935,0.0276709
1942-10-31,9.42,0.06440678,0.06786665,0.06633342
1942-11-30,9.29,-0.01380042,-0.00439196,-0.01693658
1942-12-31,9.77,0.05166846,0.05753656,0.05044929
1943-01-30,10.47,0.0716479,0.07243353,0.07106196000000001
1943-02-27,11.0,0.05062082,0.05850346,0.0526758
1943-03-31,11.58,0.05272727,0.05940362,0.05518246
1943-04-30,11.59,0.0008635579,0.003587806,0.002332418
1943-05-29,12.11,0.04486626,0.05269755,0.04565107
1943-06-30,12.35,0.01981833,0.02168927,0.01714227
1943-07-31,11.68,-0.05425101,-0.05309182,-0.05423838
1943-08-31,11.8,0.01027397,0.01623156,0.01075059
1943-09-30,12.08,0.02372881,0.02749757,0.02333091
1943-10-30,11.92,-0.01324503,-0.01165007,-0.01250047
1943-11-30,11.02,-0.07550336,-0.06705178,-0.07796607
1943-12-31,11.67,0.05898366,0.07030516,0.06521106
1944-01-31,11.85,0.01542416,0.01862161,0.0173098
1944-02-29,11.82,-0.002531646,0.006478558000000001,0.0002376867
1944-03-31,12.02,0.01692047,0.0213128,0.01730924
1944-04-29,11.87,-0.0124792,-0.01242726,-0.01343286
1944-05-31,12.35,0.04043808,0.04884119,0.0408642
1944-06-30,12.98,0.05101215,0.05457356,0.04976758
1944-07-31,12.71,-0.02080123,-0.01947007,-0.02062944
1944-08-31,12.82,0.008654603,0.0147003,0.008207805
1944-09-30,12.78,-0.003120125,-0.0006916358000000001,-0.003117796
1944-10-31,12.78,0.0,0.002434946,0.001045198
1944-11-30,12.83,0.003912363,0.0173265,0.005831552
1944-12-30,13.28,0.03507404,0.04477798,0.04103374
1945-01-31,13.47,0.01430723,0.01190055,0.01078362
1945-02-28,14.3,0.06161841,0.06947185,0.06357814
1945-03-31,13.64,-0.04615385,-0.04168523,-0.04499045
1945-04-30,14.84,0.08797654,0.09052423,0.08946503
1945-05-31,15.01,0.01145553,0.020041,0.01162357
1945-06-30,14.96,-0.003331113,0.002380351,0.0001340499
1945-07-31,14.66,-0.02005348,-0.02153903,-0.02247934
1945-08-31,15.51,0.0579809,0.05985225,0.05402666
1945-09-29,16.16,0.04190845,0.04636089,0.04399923
1945-10-31,16.65,0.03032178,0.0308154,0.02986175
1945-11-30,17.19,0.03243243,0.04494968,0.03561203
1945-12-31,17.36,0.009889470000000001,0.01113331,0.008805187
1946-01-31,18.57,0.06970046,0.06950416,0.06851493
1946-02-28,17.28,-0.06946688,-0.06517089,-0.06978478
1946-03-30,18.08,0.04629629,0.04911832,0.04614739
1946-04-30,18.76,0.03761062,0.03574771,0.0347065
1946-05-31,19.18,0.02238806,0.02878498,0.02320235
1946-06-28,18.43,-0.03910323,-0.03528918,-0.03752068
1946-07-31,17.96,-0.0255019,-0.02735021,-0.02842869
1946-08-30,16.65,-0.07293987,-0.068855,-0.07336538000000001
1946-09-30,14.96,-0.1015015,-0.1041125,-0.1066191
1946-10-31,14.84,-0.00802139,-0.005635693000000001,-0.006816874000000001
1946-11-30,14.67,-0.01145553,-0.003801182,-0.01174147
1946-12-31,15.3,0.04294479,0.04681801,0.04197298
1947-01-31,15.66,0.02352941,0.02201279,0.02095322
1947-02-28,15.43,-0.0146871,-0.008306561,-0.01516638
1947-03-31,15.17,-0.01685029,-0.01500771,-0.01773056
1947-04-30,14.58,-0.03889255,-0.03956015,-0.04077226
1947-05-29,14.45,-0.008916324,-0.0009903582,-0.01046967
1947-06-30,15.21,0.05259516,0.053991,0.05090785
1947-07-31,15.76,0.03616042,0.03957222,0.03836872
1947-08-29,15.32,-0.02791878,-0.02307618,-0.02914838
1947-09-30,15.11,-0.01370757,-0.009927733000000001,-0.01369035
1947-10-31,15.43,0.02117803,0.0205775,0.01935269
1947-11-29,14.99,-0.02851588,-0.0176331,-0.0295548
1947-12-31,15.3,0.02068045,0.030784,0.02527276
1948-01-31,14.69,-0.03986928,-0.03774315,-0.03890483
1948-02-28,14.0,-0.04697073,-0.04023235,-0.04778207
1948-03-31,15.08,0.07714286000000001,0.0814404,0.07702192000000001
1948-04-30,15.48,0.0265252,0.03082078,0.0285371
1948-05-28,16.69,0.07816537,0.08401410000000001,0.07752259
1948-06-30,16.74,0.002995806,0.007664969000000001,0.003686618
1948-07-30,15.85,-0.05316607,-0.05229595,-0.05314427
1948-08-31,15.97,0.007570978000000001,0.0155394,0.008123083
1948-09-30,15.49,-0.03005636,-0.02701604,-0.03115893
1948-10-30,16.54,0.06778567,0.07004122,0.06702264000000001
1948-11-30,14.75,-0.1082225,-0.09833213,-0.1099391
1948-12-31,15.2,0.03050848,0.03595164,0.0297191
1949-01-31,15.22,0.00131579,0.002676032,0.001376526
1949-02-28,14.62,-0.03942181,-0.031639,-0.04147154
1949-03-31,15.06,0.03009576,0.03398119,0.02934854
1949-04-30,14.74,-0.02124834,-0.01869099,-0.02171703
1949-05-31,14.19,-0.03731343,-0.02942339,-0.03779161
1949-06-30,14.16,-0.002114165,0.001743653,-0.003269201
1949-07-29,15.04,0.06214689,0.06273188,0.06165726
1949-08-31,15.22,0.01196809,0.02179951,0.01173841
1949-09-30,15.58,0.02365309,0.02741501,0.02429275
1949-10-31,16.04,0.02952503,0.02978029,0.02843748
1949-11-30,16.06,0.001246883,0.02073825,0.0004820363
1949-12-31,16.76,0.04358655,0.05098399,0.0460342
1950-01-31,17.05,0.0173031,0.01970257,0.01824474
1950-02-28,17.22,0.009970674,0.019603,0.009975099000000001
1950-03-31,17.29,0.004065040000000001,0.008185059,0.003541799
1950-04-29,18.07,0.04511278,0.04588711,0.04449311
1950-05-31,18.78,0.03929164,0.04690196,0.03759041
1950-06-30,17.69,-0.05804047,-0.05422416,-0.05784916
1950-07-31,17.84,0.008479367,0.01698091,0.0158747
1950-08-31,18.42,0.03251121,0.04806276,0.03152616
1950-09-29,19.45,0.05591748,0.05946633,0.05650967
1950-10-31,19.53,0.004113111,0.005084252,0.003424793
1950-11-30,19.51,-0.001024066,0.02242976,-7.286370999999999e-05
1950-12-30,20.41,0.04613019,0.05542532,0.05102499
1951-01-31,21.66,0.06124449,0.06510504,0.06330869
1951-02-28,21.8,0.006463527,0.01454603,0.004185183
1951-03-31,21.4,-0.01834862,-0.0174842,-0.0197061
1951-04-30,22.43,0.04813084,0.04910775,0.04790301
1951-05-31,21.52,-0.04057067,-0.02997904,-0.0409169
1951-06-29,20.96,-0.02602231,-0.02584837,-0.02818568
1951-07-31,22.4,0.06870229,0.07093456000000001,0.07001441
1951-08-31,23.28,0.03928572,0.05021958,0.03839605
1951-09-28,23.26,-0.0008591065000000001,0.002867845,0.001194599
1951-10-31,22.94,-0.01375752,-0.01332108,-0.01508751
1951-11-30,22.88,-0.002615519,0.01138836,-0.002573935
1951-12-31,23.77,0.0388986,0.04181496,0.03846696
1952-01-31,24.14,0.01556584,0.01776776,0.01630346
1952-02-29,23.26,-0.03645402,-0.02524059,-0.03574341
1952-03-31,24.37,0.04772141,0.052805,0.0506553
1952-04-30,23.32,-0.04308576,-0.04142321,-0.04326779
1952-05-29,23.86,0.02315609,0.03369781,0.02327431
1952-06-30,24.96,0.04610226,0.04783233,0.04579493
1952-07-31,25.4,0.01762821,0.01912876,0.01765938
1952-08-29,25.03,-0.01456693,-0.005673727,-0.01500702
1952-09-30,24.54,-0.01957651,-0.01808519,-0.02009836
1952-10-31,24.52,-0.0008149959,0.0003203807,-0.001244386
1952-11-28,25.66,0.04649266,0.06138206,0.04827268
1952-12-31,26.57,0.03546376,0.03821469,0.03572493
1953-01-30,26.38,-0.007150922000000001,-0.006207000000000001,-0.006795308000000001
1953-02-27,25.9,-0.0181956,-0.00754023,-0.01780417
1953-03-31,25.29,-0.02355212,-0.02228799,-0.02436832
1953-04-30,24.62,-0.02649269,-0.02530788,-0.02683197
1953-05-29,24.54,-0.003249391,0.007401221,-0.002730002
1953-06-30,24.14,-0.01629992,-0.01426573,-0.01618263
1953-07-31,24.75,0.02526926,0.02631364,0.02484408
1953-08-31,23.32,-0.05777778,-0.05010057,-0.06009732
1953-09-30,23.35,0.001286449,0.002186661,7.239643999999999e-05
1953-10-30,24.54,0.0509636,0.05104604,0.04980615
1953-11-30,24.76,0.008964955,0.02376348,0.009878737
1953-12-31,24.81,0.002019386,0.0017134,-0.001188523
1954-01-29,26.08,0.05118904,0.05348603,0.05258605
1954-02-26,26.15,0.002684049,0.01291626,0.002343196
1954-03-31,26.94,0.03021033,0.03053003,0.02842326
1954-04-30,28.26,0.04899777,0.04835806,0.04713972
1954-05-28,29.19,0.0329087,0.04277712,0.033606
1954-06-30,29.21,0.0006851662,0.002466996,0.0005332562
1954-07-30,30.88,0.0571722,0.05870072,0.05778019
1954-08-31,29.83,-0.03400259,-0.02589449,-0.03475279
1954-09-30,32.31,0.08313778000000001,0.08250014,0.08088774
1954-10-29,31.68,-0.01949861,-0.01786719,-0.01865898
1954-11-30,34.24,0.08080808,0.09577382,0.08271244
1954-12-31,35.98,0.05081776,0.05428844,0.05236117
1955-01-31,36.63,0.01806559,0.0180759,0.01759145
1955-02-28,36.76,0.003549004,0.01352618,0.005446193
1955-03-31,36.58,-0.004896627000000001,-0.002242052,-0.003850769
1955-04-29,37.96,0.03772553,0.03984336,0.03888517
1955-05-31,37.91,-0.001317176,0.006432674,-0.001080876
1955-06-30,41.03,0.08230019,0.08129992,0.07993025000000001
1955-07-29,43.52,0.0606873,0.05764594,0.05706841
1955-08-31,43.18,-0.0078125,-0.0006481411,-0.008313159
1955-09-30,43.67,0.01134785,0.01128601,0.01011675
1955-10-31,42.34,-0.03045569,-0.03046827,-0.03099978
1955-11-30,45.51,0.0748701,0.08782523,0.07512401
1955-12-30,45.48,-0.0006591958000000001,-0.0003091372,-0.001685318
1956-01-31,43.82,-0.03649956,-0.03505653,-0.03627932
1956-02-29,45.34,0.03468736,0.04139738,0.03445795
1956-03-29,48.48,0.06925453,0.07032814,0.06922571
1956-04-30,48.38,-0.002062706,-0.0006366379,-0.001424812
1956-05-31,45.2,-0.06572964,-0.05841355,-0.06597625
1956-06-29,46.97,0.03915929,0.03890974,0.03776236
1956-07-31,49.39,0.05152225,0.05142733,0.0506185
1956-08-31,47.51,-0.03806439,-0.03278799,-0.03997606
1956-09-28,45.35,-0.04546411,-0.04402242,-0.04512716
1956-10-31,45.58,0.005071665,0.006619321,0.005297669000000001
1956-11-30,45.08,-0.01096972,-0.001920893,-0.01116051
1956-12-31,46.67,0.03527063,0.03628394,0.0344421
1957-01-31,44.72,-0.04178273,-0.0402375,-0.04156917
1957-02-28,43.26,-0.03264758,-0.02491906,-0.03282308
1957-03-29,44.11,0.01964864,0.02382658,0.02075215
1957-04-30,45.74,0.03695307,0.04653791,0.04521464
1957-05-31,47.43,0.03694797,0.0387337,0.03320787
1957-06-28,47.37,-0.001265022,-0.0007048948,-0.003632276
1957-07-31,47.91,0.01139962,0.009747137000000001,0.00821702
1957-08-30,45.22,-0.05614694,-0.04899788,-0.05417807
1957-09-30,42.42,-0.0619195,-0.05787916,-0.0606091
1957-10-31,41.06,-0.03206035,-0.03883353,-0.04054895
1957-11-29,41.72,0.01607404,0.02370314,0.01648315
1957-12-31,39.99,-0.04146692,-0.03742183,-0.04102089
1958-01-31,41.7,0.04276069,0.045518,0.04433006
1958-02-28,40.84,-0.0206235,-0.01410921,-0.02028774
1958-03-31,42.1,0.03085211,0.03305175,0.02973584
1958-04-30,43.44,0.03182898,0.03351093,0.03203845
1958-05-29,44.09,0.01496317,0.02131275,0.01550259
1958-06-30,45.24,0.02608301,0.02799821,0.02489705
1958-07-31,47.19,0.04310345,0.04396016,0.04241763
1958-08-29,47.75,0.01186692,0.01799936,0.01327039
1958-09-30,50.06,0.04837696,0.05083685,0.04795395
1958-10-31,51.33,0.02536956,0.02736979,0.02587776
1958-11-28,52.48,0.02240405,0.02861704,0.02338523
1958-12-31,55.21,0.05201982,0.05411247,0.05143195
1959-01-30,55.42,0.003803659,0.006330619,0.005395496
1959-02-27,55.41,-0.0001804403,0.006710982000000001,0.002209749
1959-03-31,55.44,0.0005414185000000001,0.003351537,0.0008263672
1959-04-30,57.59,0.03878066,0.04005445,0.03909328
1959-05-29,58.68,0.0189269,0.0236306,0.01904254
1959-06-30,58.47,-0.003578732,-0.0007253099,-0.003195761
1959-07-31,60.51,0.03488969,0.03450426,0.03351405
1959-08-31,59.6,-0.01503884,-0.01107563,-0.01517913
1959-09-30,56.88,-0.04563759,-0.04318153,-0.04558611
1959-10-30,57.52,0.01125176,0.01257382,0.01143616
1959-11-30,58.28,0.0132128,0.018486,0.01311373
1959-12-31,59.89,0.02762526,0.02962724,0.02691102
1960-01-29,55.61,-0.07146435,-0.06993341,-0.07083485
1960-02-29,56.12,0.009171013,0.01392162,0.009129155
1960-03-31,55.34,-0.01389879,-0.01256564,-0.01523816
1960-04-29,54.37,-0.01752801,-0.01611259,-0.01709707
1960-05-31,55.83,0.02685304,0.03351326,0.02831233
1960-06-30,56.92,0.01952355,0.02180181,0.01913309
1960-07-29,55.51,-0.02477161,-0.02294826,-0.02381283
1960-08-31,56.96,0.02612142,0.03146667,0.02619685
1960-09-30,53.52,-0.06039326,-0.05871278,-0.0609199
1960-10-31,53.39,-0.002428998,-0.00107899,-0.002407106
1960-11-30,55.54,0.04026971,0.04608094,0.03997704
1960-12-30,58.11,0.04627296,0.04883853,0.0465965
1961-01-31,61.78,0.06315608,0.06432018,0.06318068
1961-02-28,63.44,0.02686954,0.03283833,0.02861226
1961-03-30,65.06,0.02553594,0.02934485,0.02705098
1961-04-28,65.31,0.003842607,0.004537022,0.0038432
1961-05-31,66.56,0.01913949,0.02355325,0.01892378
1961-06-30,64.64,-0.02884615,-0.0266733,-0.02872517
1961-07-31,66.76,0.03279703,0.03379508,0.03311885
1961-08-31,68.07,0.01962253,0.0247304,0.01951054
1961-09-29,66.73,-0.01968562,-0.0186736,-0.0198772
1961-10-31,68.62,0.02832309,0.0281745,0.02679119
1961-11-30,71.32,0.03934713,0.04522641,0.03932381
1961-12-29,71.55,0.003224902,0.004696086,0.003465475
1962-01-31,68.84,-0.03787561,-0.03735615,-0.03869213
1962-02-28,69.96,0.01626961,0.02059242,0.01614705
1962-03-30,69.55,-0.005860492,-0.003842326,-0.005137174
1962-04-30,65.24,-0.06196981,-0.06174273,-0.06244287
1962-05-31,59.63,-0.08599019000000001,-0.07984651,-0.08549944
1962-06-29,54.75,-0.08183800000000001,-0.08066863,-0.08222245
1962-07-31,58.23,0.06356164,0.06520287,0.06396904
1962-08-31,59.12,0.01528422,0.02166926,0.01580256
1962-09-28,56.27,-0.04820704,-0.04881619,-0.05025863
1962-10-31,56.52,0.004442865000000001,0.008313405000000001,0.006404809
1962-11-30,62.26,0.101557,0.1082679,0.1005281
1962-12-31,63.1,0.01349181,0.01553401,0.01403953
1963-01-31,66.2,0.04912837,0.0503674,0.04895679
1963-02-28,64.29,-0.02885196,-0.02418855,-0.0291635
1963-03-29,66.57,0.0354643,0.03658064,0.03515605
1963-04-30,69.8,0.04852035,0.04907038,0.04817699
1963-05-31,70.8,0.01432665,0.01967439,0.01384408
1963-06-28,69.37,-0.02019774,-0.0186046,-0.01980618
1963-07-31,69.13,-0.003459709,-0.001821279,-0.003130668
1963-08-30,72.5,0.04874874,0.05346561,0.04849586
1963-09-30,71.7,-0.01103448,-0.01040226,-0.01157905
1963-10-31,74.01,0.03221757,0.03482518,0.03329021
1963-11-29,73.23,-0.01053912,-0.004487415000000001,-0.01108524
1963-12-31,75.02,0.02444353,0.02606457,0.02465051
1964-01-31,77.04,0.02692615,0.02739125,0.02637276
1964-02-28,77.8,0.009865006,0.01701474,0.01217138
1964-03-31,78.98,0.01516709,0.01723242,0.01581381
1964-04-30,79.46,0.006077488000000001,0.006191969,0.005297293000000001
1964-05-28,80.37,0.0114523,0.0168145,0.01145964
1964-06-30,81.69,0.01642404,0.01808382,0.016779
1964-07-31,83.18,0.01823969,0.01890991,0.01795314
1964-08-31,81.83,-0.01622986,-0.01162088,-0.01628531
1964-09-30,84.18,0.02871807,0.03039862,0.02902217
1964-10-30,84.86,0.008077928,0.008745072000000001,0.007565858000000001
1964-11-30,84.42,-0.00518501,0.001598086,-0.004587761
1964-12-31,84.75,0.003909026,0.005228301,0.00380295
1965-01-29,87.56,0.03315634,0.03479072,0.03383692
1965-02-26,87.43,-0.001484696,0.003745856,-0.0008526979
1965-03-31,86.16,-0.01452591,-0.01221273,-0.01368467
1965-04-30,89.11,0.03423863,0.0356124,0.03476903
1965-05-28,88.42,-0.007743238,-0.003121756,-0.008353901
1965-06-30,84.12,-0.04863153,-0.04688008,-0.04836694
1965-07-30,85.25,0.01343319,0.01448633,0.01367823
1965-08-31,87.17,0.022522,0.02756043,0.02247344
1965-09-30,89.96,0.03200642,0.03336617,0.03203359
1965-10-29,92.42,0.02734549,0.02881249,0.02773661
1965-11-30,91.61,-0.008764337,-0.003820634,-0.01030558
1965-12-31,92.43,0.008950988,0.01034912,0.009058545000000001
1966-01-31,92.88,0.004868549000000001,0.005704578,0.004874345
1966-02-28,91.22,-0.01787252,-0.01275037,-0.01754806
1966-03-31,89.23,-0.02181539,-0.02304093,-0.02460785
1966-04-29,91.06,0.0205088,0.02215781,0.02124983
1966-05-31,86.13,-0.05414013,-0.04913987,-0.054645
1966-06-30,84.74,-0.0161384,-0.01438045,-0.01590415
1966-07-29,83.6,-0.01345291,-0.01212898,-0.01303882
1966-08-31,77.1,-0.0777512,-0.07165026000000001,-0.07748742
1966-09-30,76.56,-0.007003891000000001,-0.006243986,-0.007692068000000001
1966-10-31,80.2,0.04754441,0.04833277,0.04724443
1966-11-30,80.45,0.003117207,0.01122258,0.003740994
1966-12-30,80.33,-0.00149161,0.0003259786,-0.001088723
1967-01-31,86.61,0.07817752,0.07921493,0.07772315
1967-02-28,86.78,0.001962822,0.007513953,0.002419511
1967-03-31,90.2,0.03941,0.04113664,0.03954358
1967-04-28,94.01,0.04223947,0.04337092,0.04254435
1967-05-31,89.08,-0.05244123,-0.04680979,-0.0523141
1967-06-30,90.64,0.01751235,0.01931877,0.01801526
1967-07-31,94.75,0.04534422,0.04645398,0.04562341
1967-08-31,93.64,-0.01171504,-0.006824153,-0.01219689
1967-09-29,96.71,0.03278514,0.03381473,0.03259689
1967-10-31,93.9,-0.02905594,-0.02744766,-0.0287009
1967-11-30,94.0,0.001064963,0.006434961,0.0005333822000000001
1967-12-29,96.47,0.0262766,0.02707942,0.02585744
1968-01-31,92.24,-0.04384783,-0.04187477,-0.04352305
1968-02-29,89.36,-0.0312229,-0.02689974,-0.03197258
1968-03-29,90.2,0.009400179,0.009695531,0.008585203000000001
1968-04-30,97.59,0.08192904000000001,0.08409225000000001,0.08264236
1968-05-31,98.68,0.01116918,0.01637425,0.01110432
1968-06-28,99.58,0.009120389000000001,0.009915728,0.008695147
1968-07-30,97.74,-0.01847761,-0.01744445,-0.01866379
1968-08-30,98.86,0.01145897,0.01641539,0.0112592
1968-09-30,102.67,0.03853935,0.03935051,0.03821032
1968-10-31,103.41,0.007207558,0.008586778,0.006750628000000001
1968-11-29,108.37,0.04796441,0.05357986,0.04865865
1968-12-31,103.86,-0.04161668,-0.04082637,-0.04214149
1969-01-31,103.01,-0.008184094000000001,-0.007547040000000001,-0.008612324000000001
1969-02-28,98.13,-0.04737404,-0.04232084,-0.0473844
1969-03-28,101.51,0.0344441,0.03484655,0.0335985
1969-04-30,103.69,0.02147572,0.02277108,0.02144949
1969-05-29,103.46,-0.00221815,0.00385395,-0.001862028
1969-06-30,97.71,-0.05557704,-0.05435686,-0.05568618
1969-07-31,91.83,-0.06017808,-0.05863154,-0.05991927
1969-08-29,95.51,0.04007405,0.04572831,0.04018021
1969-09-30,93.12,-0.02502356,-0.0239414,-0.02528507
1969-10-31,97.24,0.04424399,0.04689974,0.0446605
1969-11-28,93.81,-0.03527355,-0.02915244,-0.0344331
1969-12-31,92.06,-0.01865473,-0.01692152,-0.01836505
1970-01-30,85.02,-0.07647187,-0.07539774,-0.07680889
1970-02-27,89.5,0.05269348,0.05952076,0.05361467
1970-03-31,89.63,0.001452514,0.00280639,0.001232103
1970-04-30,81.52,-0.0904831,-0.08883131,-0.09003482
1970-05-29,76.55,-0.06096663,-0.05468891,-0.06111157
1970-06-30,72.72,-0.05003266,-0.04903229,-0.05090158
1970-07-31,78.05,0.07329483,0.07552323,0.07321904
1970-08-31,81.52,0.04445868,0.04977846,0.04378206
1970-09-30,84.21,0.03299804,0.03470244,0.03302091
1970-10-30,83.25,-0.01140007,-0.009031615,-0.01163891
1970-11-30,87.2,0.04744745,0.05438696,0.04883566
1970-12-31,92.15,0.05676606,0.05868403,0.05735763
1971-01-29,95.88,0.04047748,0.04282808,0.04150036
1971-02-26,96.75,0.009073842,0.01331668,0.008151977000000001
1971-03-31,100.31,0.03679587,0.03906771,0.03762414
1971-04-30,103.95,0.03628751,0.03696462,0.03578864
1971-05-28,99.63,-0.04155844,-0.03714954,-0.04213838
1971-06-30,99.7,0.0007025996,0.002438827,0.001061388
1971-07-30,95.58,-0.04132397,-0.04082671,-0.04190133
1971-08-31,99.03,0.03609542,0.0420359,0.03654927
1971-09-30,98.34,-0.006967586,-0.00503762,-0.006387332000000001
1971-10-29,94.23,-0.04179378,-0.04012943,-0.04201473
1971-11-30,93.99,-0.00254696,0.002898495,-0.002029243
1971-12-31,102.09,0.08617938,0.08788031,0.08648586
1972-01-31,103.94,0.01812126,0.01908811,0.01781397
1972-02-29,106.57,0.02530306,0.03022065,0.02541557
1972-03-30,107.2,0.005911607,0.007315347000000001,0.006132285
1972-04-28,107.67,0.004384328000000001,0.005476083000000001,0.004658436
1972-05-31,109.53,0.01727501,0.02201909,0.01676332
1972-06-30,107.14,-0.02182051,-0.02015636,-0.02137756
1972-07-31,107.39,0.002333396,0.003244872,0.002126155
1972-08-31,111.09,0.03445386,0.03942475,0.03464879
1972-09-29,110.55,-0.004860924,-0.003276729,-0.00451643
1972-10-31,111.58,0.009317051,0.01087805,0.009502812000000001
1972-11-30,116.67,0.04561749,0.05029678,0.04517315
1972-12-29,118.05,0.01182823,0.0136634,0.0126215
1973-01-31,116.03,-0.01711139,-0.01675206,-0.0180441
1973-02-28,111.68,-0.0374903,-0.03381759,-0.0382286
1973-03-30,111.52,-0.001432665,-0.001092867,-0.002088876
1973-04-30,106.97,-0.04079986,-0.04006419,-0.04123639
1973-05-31,104.95,-0.0188838,-0.0139499,-0.0190021
1973-06-29,104.26,-0.006574559000000001,-0.00517758,-0.006522127000000001
1973-07-31,108.22,0.03798197,0.03912793,0.03767948
1973-08-31,104.25,-0.03668453,-0.03154424,-0.03650546
1973-09-28,108.43,0.04009592,0.0422186,0.04103829
1973-10-31,108.29,-0.001291156,0.0003116323,-0.001560226
1973-11-30,95.96,-0.1138609,-0.1072204,-0.1130455
1973-12-31,97.55,0.0165694,0.01797096,0.01653401
1974-01-31,96.57,-0.01004613,-0.008120177000000001,-0.009749283000000001
1974-02-28,96.22,-0.003624314,0.001991611,-0.003694865
1974-03-29,93.98,-0.02327998,-0.02181845,-0.02315417
1974-04-30,90.31,-0.03905086,-0.03764881,-0.03935947
1974-05-31,87.28,-0.0335511,-0.02689626,-0.03312693
1974-06-28,86.0,-0.01466544,-0.01281633,-0.01458308
1974-07-31,79.31,-0.0777907,-0.07669841000000001,-0.07850039
1974-08-30,72.15,-0.09027866,-0.08217748,-0.08973743
1974-09-30,63.54,-0.1193347,-0.1175106,-0.1195775
1974-10-31,73.9,0.1630469,0.1681128,0.1648143
1974-11-29,69.97,-0.05317997,-0.04568807,-0.05381598
1974-12-31,68.56,-0.02015149,-0.01802145,-0.02030511
1975-01-31,76.98,0.1228121,0.1236101,0.1216982
1975-02-28,81.59,0.05988568,0.06746006,0.05949721
1975-03-31,83.36,0.02169384,0.0240141,0.02212189
1975-04-30,87.3,0.04726487,0.04942431,0.04729305
1975-05-30,91.15,0.0441008,0.05119332,0.04479379
1975-06-30,95.19,0.04432255,0.04622024,0.04434164
1975-07-31,88.75,-0.06765416,-0.06550443,-0.06755266
1975-08-29,86.88,-0.02107042,-0.01566326,-0.02173078
1975-09-30,83.87,-0.03464549,-0.0322501,-0.03422604
1975-10-31,89.04,0.06164302,0.06485469,0.06213458
1975-11-28,91.24,0.024708,0.03008927,0.02399618
1975-12-31,90.19,-0.01150811,-0.01048495,-0.01229648
1976-01-30,100.86,0.1183058,0.1201426,0.1185449
1976-02-27,99.71,-0.01140194,-0.005756495,-0.01161974
1976-03-31,102.77,0.030689,0.03264027,0.03078597
1976-04-30,101.64,-0.01099543,-0.009609919,-0.01069924
1976-05-28,100.18,-0.01436442,-0.008116335,-0.01502572
1976-06-30,104.28,0.04092633,0.04395871,0.04215843
1976-07-30,103.44,-0.008055236,-0.007201968,-0.008453564
1976-08-31,102.91,-0.005123743,0.001598956,-0.004982146000000001
1976-09-30,105.24,0.02264114,0.02442081,0.0226695
1976-10-29,102.9,-0.02223489,-0.0202107,-0.02199485
1976-11-30,102.1,-0.007774538,-0.001041306,-0.008628035000000001
1976-12-31,107.46,0.05249755,0.05377466,0.05217047
1977-01-31,102.03,-0.05053043,-0.04965418,-0.05116714
1977-02-28,99.82,-0.0216603,-0.01563846,-0.02240022
1977-03-31,98.42,-0.01402525,-0.01250225,-0.01454772
1977-04-29,98.44,0.0002032107,0.0006405998,-0.0005026890000000001
1977-05-31,96.12,-0.02356766,-0.01506358,-0.0235407
1977-06-30,100.48,0.04535997,0.04777556,0.04570533
1977-07-29,98.85,-0.01622213,-0.01545347,-0.01658949
1977-08-31,96.77,-0.02104198,-0.01231035,-0.02022068
1977-09-30,96.53,-0.002480107,-0.0008254481,-0.003083684
1977-10-31,92.34,-0.0434062,-0.04198449,-0.04386881
1977-11-30,94.83,0.02696556,0.03675163,0.02695326
1977-12-30,95.1,0.0028472,0.005569561000000001,0.003637417
1978-01-31,89.25,-0.0615142,-0.06064264,-0.06261064
1978-02-28,87.04,-0.0247619,-0.01626045,-0.02493815
1978-03-31,89.21,0.02493107,0.02692525,0.0243557
1978-04-28,96.83,0.08541644,0.0889641,0.08759298
1978-05-31,97.24,0.004234225,0.01371858,0.004435854
1978-06-30,95.53,-0.01758536,-0.01657784,-0.01895287
1978-07-31,100.68,0.05390977,0.05697447,0.05512147
1978-08-31,103.29,0.02592372,0.03364056,0.02556323
1978-09-29,102.54,-0.00726111,-0.005162818,-0.007483037000000001
1978-10-31,93.15,-0.09157402,-0.08956996,-0.09226924
1978-11-30,94.7,0.01663983,0.02677099,0.01740014
1978-12-29,96.11,0.01488912,0.0166265,0.01426379
1979-01-31,99.93,0.03974612,0.04269684,0.04016067
1979-02-28,96.28,-0.03652557,-0.02864929,-0.03695786
1979-03-30,101.59,0.05515164,0.05736068,0.05482477
1979-04-30,101.76,0.001673393,0.004183392,0.002218194
1979-05-31,99.08,-0.02633648,-0.01681758,-0.02630284
1979-06-29,102.91,0.03865563,0.04032418,0.03779167
1979-07-31,103.81,0.008745505,0.01205096,0.009736804
1979-08-31,109.32,0.05307774,0.06186535,0.05322217
1979-09-28,109.32,0.0,0.001415792,-0.0008719607
1979-10-31,101.82,-0.06860593,-0.06555984000000001,-0.06851736
1979-11-30,106.16,0.04262424,0.05277716,0.04357043
1979-12-31,107.94,0.01676714,0.01834045,0.01589236
1980-01-31,114.16,0.0576246,0.06130831,0.05893501
1980-02-29,113.66,-0.004379818000000001,0.002611116,-0.005573667
1980-03-31,102.09,-0.1017948,-0.0975184,-0.100096
1980-04-30,106.29,0.04114017,0.04239384,0.03987676
1980-05-30,111.24,0.0465707,0.05555994,0.04665075
1980-06-30,114.24,0.02696872,0.0297216,0.02689508
1980-07-31,121.67,0.06503852,0.06819995,0.06563012
1980-08-29,122.38,0.005835457,0.01345368,0.006030361000000001
1980-09-30,125.46,0.02516751,0.02793479,0.02515516
1980-10-31,127.47,0.01602104,0.01780941,0.01474248
1980-11-28,140.52,0.102377,0.1099104,0.103015
1980-12-31,135.76,-0.03387418,-0.0306342,-0.03300576
1981-01-30,129.55,-0.04574249,-0.04337039,-0.04503574
1981-02-27,131.27,0.01327673,0.02126667,0.01349164
1981-03-31,136.0,0.03603261,0.03828499,0.03542594
1981-04-30,132.81,-0.02345588,-0.02021101,-0.02196691
1981-05-29,132.59,-0.001656502,0.006538728000000001,-0.001123944
1981-06-30,131.21,-0.01040802,-0.008255130000000001,-0.01117979
1981-07-31,130.92,-0.002210198,0.00071413,-0.0009457822
1981-08-31,122.79,-0.06209899,-0.05553978,-0.06365895
1981-09-30,116.18,-0.05383174,-0.05046571,-0.05350026
1981-10-30,121.89,0.04914787,0.05211492,0.04869402
1981-11-30,126.35,0.03659037,0.0438269,0.03591775
1981-12-31,122.55,-0.03007519,-0.02705885,-0.02974479
1982-01-29,120.4,-0.01754386,-0.01536702,-0.01687443
1982-02-26,113.11,-0.06054817,-0.05044105,-0.05958779
1982-03-31,111.96,-0.01016709,-0.00680519,-0.01046301
1982-04-30,116.44,0.04001429,0.04155019,0.04006276
1982-05-28,111.88,-0.0391618,-0.02950482,-0.03983362
1982-06-30,109.61,-0.0202896,-0.01577948,-0.01893363
1982-07-30,107.09,-0.0229906,-0.02019917,-0.02205789
1982-08-31,119.51,0.1159772,0.1274018,0.1166471
1982-09-30,120.42,0.007614425,0.01049643,0.007716885000000001
1982-10-29,133.71,0.1103637,0.1138634,0.1112347
1982-11-30,138.54,0.03612295,0.04575405,0.03755433
1982-12-31,140.64,0.01515808,0.01683527,0.01467583
1983-01-31,145.3,0.03313424,0.03529269,0.03331691
1983-02-28,148.06,0.01899518,0.02573252,0.01853856
1983-03-31,152.96,0.03309469,0.03546959,0.03245927
1983-04-29,164.42,0.07492155,0.07571904,0.07465503
1983-05-31,162.39,-0.01234643,-0.005686544,-0.01209984
1983-06-30,168.11,0.03522385,0.03697019,0.03371895
1983-07-29,162.56,-0.0330141,-0.03123796,-0.03232095
1983-08-31,164.4,0.0113189,0.01586426,0.009483572000000001
1983-09-30,166.07,0.01015815,0.01410517,0.0108376
1983-10-31,163.55,-0.01517432,-0.01310839,-0.01469477
1983-11-30,166.4,0.01742586,0.02384629,0.01736311
1983-12-30,164.93,-0.008834135,-0.005749104000000001,-0.008699151
1984-01-31,163.41,-0.009216031000000001,-0.003897832,-0.005657363
1984-02-29,157.06,-0.03885931,-0.03403414,-0.0395051
1984-03-30,159.18,0.01349803,0.01729508,0.01371363
1984-04-30,160.05,0.005465511,0.006780684,0.0052291
1984-05-31,150.55,-0.05935645,-0.05313084,-0.0595441
1984-06-29,153.18,0.01746928,0.02293728,0.01870942
1984-07-31,150.66,-0.01645123,-0.01376499,-0.01564074
1984-08-31,166.68,0.1063321,0.1124383,0.105753
1984-09-28,166.1,-0.003479722,-6.444876999999999e-05,-0.003291559
1984-10-31,166.09,-6.02047e-05,0.003331202,0.0002157523
1984-11-30,163.58,-0.01511229,-0.009841028,-0.01494982
1984-12-31,167.24,0.02237437,0.0255564,0.0218433
1985-01-31,179.63,0.07408515,0.07686759,0.07473667
1985-02-28,181.19,0.008684518,0.01416573,0.008886256
1985-03-29,180.66,-0.002925106,-0.0006355402,-0.00397987
1985-04-30,179.83,-0.004594265,-0.003704292,-0.005412758
1985-05-31,189.55,0.05405105,0.06274016,0.05684736
1985-06-28,191.85,0.012134,0.01606501,0.01292523
1985-07-31,190.92,-0.004847537000000001,-0.003321098,-0.005235306
1985-08-30,188.63,-0.01199455,-0.006473218,-0.01187077
1985-09-30,182.08,-0.03472406,-0.03324806,-0.03619729
1985-10-31,189.82,0.04250879,0.04507922,0.04265333
1985-11-29,202.17,0.06506164,0.07188655000000001,0.06663039
1985-12-31,211.28,0.04506109,0.04815597,0.04515588
1986-01-31,211.78,0.002366528,0.004706081,0.002961857
1986-02-28,226.92,0.07148928,0.07652467,0.07155587000000001
1986-03-31,238.9,0.05279393,0.05583166,0.05332037
1986-04-30,235.52,-0.01414818,-0.01334756,-0.01505443
1986-05-30,247.35,0.05022928,0.05532648,0.05080406
1986-06-30,250.84,0.01410956,0.01574429,0.01330999
1986-07-31,236.12,-0.05868283,-0.05754146,-0.05937805
1986-08-29,252.93,0.07119261,0.07441739,0.07007632
1986-09-30,231.32,-0.08543866,-0.08324321,-0.08566374
1986-10-31,243.98,0.05472938,0.05653818,0.05381256
1986-11-28,249.22,0.02147717,0.02487623,0.01971683
1986-12-31,242.17,-0.02828826,-0.02751269,-0.03017409
1987-01-30,274.08,0.1317669,0.1351829,0.133724
1987-02-27,284.2,0.03692353,0.04177783,0.03784491
1987-03-31,291.7,0.02638987,0.02633555,0.02383243
1987-04-30,288.36,-0.01145012,-0.009045131000000001,-0.01109327
1987-05-29,290.1,0.006034124,0.009127937000000001,0.005199187
1987-06-30,304.0,0.04791451,0.05013973,0.04765421
1987-07-31,318.66,0.04822369,0.04984322,0.04788278
1987-08-31,329.8,0.03495889,0.03910841,0.03544075
1987-09-30,321.83,-0.02416616,-0.02193975,-0.02407895
1987-10-30,251.79,-0.2176304,-0.2157952,-0.2179442
1987-11-30,230.3,-0.0853489,-0.08187361,-0.08654083
1987-12-31,247.08,0.07286149,0.07392224,0.07102519
1988-01-29,257.07,0.04043225,0.04271249,0.04108625
1988-02-29,267.82,0.0418174,0.04744497,0.04057359
1988-03-31,258.89,-0.03334329,-0.03084741,-0.03336823
1988-04-29,261.33,0.009424852000000001,0.01051579,0.008772794
1988-05-31,262.16,0.003176061,0.008012356,0.002882316
1988-06-30,273.5,0.04325603,0.04767606,0.04506844
1988-07-29,272.02,-0.005411334,-0.004458072,-0.007392713
1988-08-31,261.52,-0.0386001,-0.0324884,-0.03728967
1988-09-30,271.91,0.03972927,0.04273866,0.0400864
1988-10-31,278.97,0.02596447,0.02689123,0.02332835
1988-11-30,273.7,-0.01889092,-0.01435494,-0.01977005
1988-12-30,277.72,0.01468761,0.0185533,0.01518432
1989-01-31,297.47,0.07111479,0.07230303,0.06963287
1989-02-28,288.86,-0.0289441,-0.02503119,-0.02918689
1989-03-31,294.87,0.02080593,0.02303754,0.02044008
1989-04-28,309.64,0.05008987,0.05170716,0.04989855
1989-05-31,320.52,0.03513758,0.04102234,0.03545064
1989-06-30,317.98,-0.007924623,-0.005611358,-0.007939843
1989-07-31,346.08,0.08837034,0.09005314,0.08819413
1989-08-31,351.45,0.01551664,0.01985334,0.01551626
1989-09-29,349.15,-0.006544316000000001,-0.004003622,-0.006616464000000001
1989-10-31,340.36,-0.02517543,-0.02363914,-0.02566822
1989-11-30,345.99,0.01654131,0.02047872,0.01664053
1989-12-29,353.4,0.0214168,0.02265679,0.01998825
1990-01-31,329.08,-0.06881721,-0.06766082,-0.06940684
1990-02-28,331.89,0.008538957,0.01338144,0.008986239
1990-03-30,339.94,0.02425502,0.02658843,0.0243597
1990-04-30,330.8,-0.0268871,-0.02450422,-0.02650813
1990-05-31,361.23,0.09198911,0.09741922,0.09240813
1990-06-29,358.02,-0.008886305,-0.006754444,-0.008920852
1990-07-31,356.15,-0.005223172000000001,-0.004453811,-0.006507870000000001
1990-08-31,322.56,-0.0943142,-0.09080128,-0.09489747
1990-09-28,306.05,-0.05118427,-0.04895901,-0.05121328
1990-10-31,304.0,-0.006698252,-0.003596724,-0.006110195000000001
1990-11-30,322.22,0.05993421,0.06456072,0.05989669
1990-12-31,330.22,0.02482776,0.02798681,0.0249544
1991-01-31,343.93,0.04151778,0.04500115,0.04306305
1991-02-28,367.07,0.06728113,0.07156457000000001,0.06737066
1991-03-28,375.22,0.02220285,0.02435448,0.02231229
1991-04-30,375.35,0.0003464634,0.002267684,0.0002136197
1991-05-31,389.83,0.03857733,0.04293044,0.03875868
1991-06-28,371.16,-0.04789267,-0.0453571,-0.04749774
1991-07-31,387.81,0.04485936,0.04652587,0.04479887
1991-08-30,395.43,0.0196488,0.02388533,0.01991233
1991-09-30,387.86,-0.01914372,-0.01686092,-0.01906136
1991-10-31,392.46,0.01185995,0.01345791,0.01189898
1991-11-29,375.22,-0.04392804,-0.04021387,-0.04397287
1991-12-31,417.09,0.1115879,0.1140893,0.1114761
1992-01-31,408.79,-0.01989978,-0.01834821,-0.01965381
1992-02-28,412.7,0.009564813,0.01286528,0.009442313
1992-03-31,403.69,-0.02183184,-0.01946959,-0.02187324
1992-04-30,414.95,0.02789269,0.02861433,0.02715739
1992-05-29,415.35,0.0009639715,0.004850322000000001,0.001087359
1992-06-30,408.14,-0.01735885,-0.01502971,-0.01754465
1992-07-31,424.21,0.03937374,0.04092398,0.03946534
1992-08-31,414.03,-0.02399755,-0.02061521,-0.0242136
1992-09-30,417.8,0.00910562,0.01133972,0.008916414000000001
1992-10-30,418.68,0.002106271,0.004795716,0.003455465
1992-11-30,431.35,0.03026178,0.03379381,0.03006914
1992-12-31,435.71,0.0101078,0.01338028,0.01119717
1993-01-29,438.78,0.007045971000000001,0.007282007,0.005964237000000001
1993-02-26,443.38,0.01048361,0.01352618,0.01036063
1993-03-31,451.67,0.01869728,0.02120187,0.01857772
1993-04-30,440.19,-0.02541679,-0.02451853,-0.02577976
1993-05-28,450.19,0.02271746,0.02625918,0.02254856
1993-06-30,450.53,0.0007552367000000001,0.003466028,0.001095121
1993-07-30,448.13,-0.005327059,-0.00459334,-0.005908543
1993-08-31,463.56,0.03443197,0.03743057,0.03395686
1993-09-30,458.93,-0.00998792,-0.007582332000000001,-0.009841820000000001
1993-10-29,467.83,0.01939294,0.01988415,0.01859035
1993-11-30,461.79,-0.01291067,-0.008654809000000001,-0.01208376
1993-12-31,466.45,0.01009117,0.01264629,0.01061742
1994-01-31,481.61,0.0325008,0.03342909,0.03195428
1994-02-28,467.14,-0.03004506,-0.0271608,-0.03012107
1994-03-31,445.77,-0.04574646,-0.0434557,-0.04572831
1994-04-29,450.91,0.01153061,0.01281699,0.01147748
1994-05-31,456.51,0.01241933,0.01630851,0.0125591
1994-06-30,444.27,-0.02681212,-0.02476181,-0.02711269
1994-07-29,458.25,0.03146735,0.03271362,0.03138079
1994-08-31,475.5,0.03764321,0.04134081,0.03799026
1994-09-30,462.71,-0.026898,-0.02393992,-0.02623791
1994-10-31,472.35,0.02083378,0.02262184,0.02104315
1994-11-30,453.69,-0.03950461,-0.03624844,-0.03942301
1994-12-30,459.27,0.01229915,0.01495526,0.01241899
1995-01-31,470.42,0.02427766,0.02599952,0.02434784
1995-02-28,487.39,0.03607415,0.03922838,0.03632831
1995-03-31,500.71,0.02732924,0.02933423,0.02717914
1995-04-28,514.71,0.0279603,0.0293948,0.02791381
1995-05-31,533.4,0.03631171,0.03980937,0.0364535
1995-06-30,544.75,0.02127859,0.02415538,0.0221984
1995-07-31,562.06,0.03177604,0.03340491,0.03202299
1995-08-31,561.88,-0.0003202505,0.003501574,0.0006421448
1995-09-29,584.41,0.04009753,0.0421017,0.04018209
1995-10-31,581.5,-0.004979381000000001,-0.003441857,-0.004863674
1995-11-30,605.37,0.04104901,0.04417878,0.0413383
1995-12-29,615.93,0.01744388,0.0176427,0.01580883
1996-01-31,636.02,0.03261734,0.03486057,0.03341513
1996-02-29,640.43,0.006933744,0.01008752,0.007688803
1996-03-29,645.5,0.007916556,0.00958547,0.007860024
1996-04-30,654.17,0.01343145,0.01513327,0.01385681
1996-05-31,669.12,0.02285339,0.02525745,0.02253004
1996-06-28,670.63,0.002256695,0.004128286,0.002562063
1996-07-31,639.95,-0.04574803,-0.04444352,-0.04604831
1996-08-30,651.99,0.01881397,0.02192753,0.0195891
1996-09-30,687.31,0.05417261,0.05603521,0.0541124
1996-10-31,705.27,0.02613086,0.02679825,0.02534845
1996-11-29,757.02,0.07337616,0.07644073,0.07421791
1996-12-31,740.74,-0.02150538,-0.01979823,-0.02151779
1997-01-31,786.16,0.06131706,0.06282718,0.06168947
1997-02-28,790.82,0.005927546000000001,0.007752369,0.005800329000000001
1997-03-31,757.12,-0.04261399,-0.04168824,-0.04331015
1997-04-30,801.34,0.05840554,0.06027384,0.05901576
1997-05-30,848.28,0.05857688,0.06140064,0.05927156
1997-06-30,885.14,0.04345264,0.04410322,0.04276233
1997-07-31,954.29,0.07812323,0.08038764,0.07897663
1997-08-29,899.47,-0.05744585,-0.05497451,-0.05645764
1997-09-30,947.28,0.05315352,0.05388615,0.0524084
1997-10-31,914.62,-0.03447766,-0.03260484,-0.03372977
1997-11-28,955.4,0.04458682,0.04632092,0.0446252
1997-12-31,970.43,0.01573163,0.01714712,0.01570038
1998-01-30,980.28,0.01015014,0.01199363,0.01107964
1998-02-27,1049.34,0.07044926,0.07195595,0.07030339000000001
1998-03-31,1101.75,0.04994568,0.05133564,0.05010385
1998-04-30,1111.75,0.009076470000000001,0.01127549,0.0102316
1998-05-29,1090.82,-0.01882618,-0.01767412,-0.01920598
1998-06-30,1133.84,0.03943822,0.0409699,0.0397998
1998-07-31,1120.67,-0.0116154,-0.01010859,-0.01111209
1998-08-31,957.28,-0.1457967,-0.1431244,-0.1445041
1998-09-30,1017.01,0.06239554,0.06317615,0.06161219
1998-10-30,1098.67,0.0802942,0.0801108,0.07914427
1998-11-30,1163.63,0.05912603,0.06216446,0.06068498
1998-12-31,1229.23,0.05637531,0.05967284,0.05845362
1999-01-29,1279.64,0.04100941,0.04280011,0.0420004
1999-02-26,1238.33,-0.03228252,-0.03193455,-0.03315606
1999-03-31,1286.37,0.03879418,0.03897899,0.03777404
1999-04-30,1335.18,0.03794398,0.03755879,0.03677071
1999-05-28,1301.84,-0.02497042,-0.02315936,-0.02483297
1999-06-30,1372.71,0.05443833,0.05443073,0.05339769
1999-07-30,1328.72,-0.0320461,-0.03021994,-0.0310841
1999-08-31,1320.41,-0.006254139000000001,-0.005003946,-0.006250558000000001
1999-09-30,1282.71,-0.02855174,-0.02807923,-0.02925694
1999-10-29,1362.93,0.06253947,0.06423803,0.06351165
1999-11-30,1388.91,0.01906187,0.02082215,0.01954694
1999-12-31,1469.25,0.05784392,0.06257874000000001,0.06154892
2000-01-31,1394.46,-0.05090352,-0.0496295,-0.05029564
2000-02-29,1366.42,-0.02010814,-0.01745761,-0.01866588
2000-03-31,1498.58,0.0967199,0.09848844,0.09743074
2000-04-28,1452.43,-0.03079582,-0.03158345,-0.03230818
2000-05-31,1420.6,-0.021915,-0.02230377,-0.02361652
2000-06-30,1454.6,0.02393355,0.02621863,0.02549712
2000-07-31,1430.83,-0.01634126,-0.01279478,-0.01355875
2000-08-31,1517.68,0.06069903,0.06259428,0.06127533
2000-09-29,1436.51,-0.05348295,-0.05208771,-0.05279493
2000-10-31,1429.4,-0.004949496,-0.00411993,-0.004828599
2000-11-30,1314.95,-0.08006856,-0.07826775,-0.07955749000000001
2000-12-29,1320.28,0.004053386,0.005719803000000001,0.004861165000000001
2001-01-31,1366.01,0.03463659,0.03237207,0.0315548
2001-02-28,1239.94,-0.09229068,-0.09095229,-0.09213085
2001-03-30,1160.33,-0.06420472,-0.06370597,-0.06458694
2001-04-30,1249.46,0.07681435,0.07782399,0.07698099
2001-05-31,1255.82,0.005090199,0.006858977,0.005329856
2001-06-29,1224.42,-0.02500358,-0.02450497,-0.02518337
2001-07-31,1211.23,-0.01077245,-0.009316987,-0.01024794
2001-08-31,1133.58,-0.06410839,-0.06343454,-0.06493286
2001-09-28,1040.94,-0.08172339,-0.08036087,-0.08135185
2001-10-31,1059.78,0.01809903,0.01953998,0.01854585
2001-11-30,1139.45,0.07517598,0.07878694,0.07725928
2001-12-31,1148.08,0.007573829000000001,0.009050504000000001,0.007849281000000001
2002-01-31,1130.2,-0.01557383,-0.01432377,-0.01531956
2002-02-28,1106.73,-0.02076624,-0.01948109,-0.02097305
2002-03-28,1147.39,0.03673886,0.03757244,0.03668958
2002-04-30,1076.92,-0.06141765,-0.0610008,-0.06182595
2002-05-31,1067.14,-0.009081455,-0.007800483,-0.009437633
2002-06-28,989.81,-0.07246472,-0.07134853000000001,-0.07261094
2002-07-31,911.62,-0.07899496,-0.07398719000000001,-0.07507388
2002-08-30,916.07,0.00488142,0.007061378,0.005400823
2002-09-30,815.29,-0.1100134,-0.1089654,-0.110421
2002-10-31,885.76,0.0864355,0.08859927000000001,0.08710293
2002-11-29,936.31,0.05706964,0.05901923,0.05728814
2002-12-31,879.82,-0.06033258,-0.05883433,-0.06046364
2003-01-31,855.7,-0.0274147,-0.02657915,-0.02786004
2003-02-28,841.15,-0.01700362,-0.01524638,-0.01722488
2003-03-31,848.18,0.008357606,0.01030759,0.008967362000000001
2003-04-30,916.92,0.08104412,0.08277367000000001,0.08146204
2003-05-30,963.59,0.05089866,0.05325066,0.05150826
2003-06-30,974.5,0.01132224,0.01281586,0.01135053
2003-07-31,990.31,0.0162237,0.017932,0.0165051
2003-08-29,1008.01,0.01787319,0.01959652,0.01801366
2003-09-30,995.97,-0.01194433,-0.01073655,-0.01210716
2003-10-31,1050.71,0.0549615,0.05556035,0.05397039
2003-11-28,1058.2,0.007128513,0.009259320000000001,0.007605664000000001
2003-12-31,1111.92,0.05076545,0.05178037,0.05010664
2004-01-30,1131.13,0.01727642,0.01907764,0.01799144
2004-02-27,1144.94,0.01220903,0.01440307,0.01271619
2004-03-31,1126.21,-0.01635894,-0.01498208,-0.01626675
2004-04-30,1107.3,-0.01679083,-0.01558432,-0.01671875
2004-05-28,1120.68,0.01208345,0.01362899,0.01202377
2004-06-30,1140.84,0.01798908,0.01948845,0.01801945
2004-07-30,1101.72,-0.03429052,-0.03295387,-0.03411077
2004-08-31,1104.24,0.002287332,0.003807461,0.00201854
2004-09-30,1114.58,0.009363906,0.01081651,0.009346637000000001
2004-10-29,1130.2,0.01401425,0.01497261,0.01369914
2004-11-30,1173.82,0.03859494,0.04055915,0.0355722
2004-12-31,1211.92,0.03245813,0.03373373,0.03208562
2005-01-31,1181.27,-0.02529045,-0.02382419,-0.02474889
2005-02-28,1203.6,0.01890338,0.0211521,0.01901488
2005-03-31,1180.59,-0.01911765,-0.01723979,-0.01872887
2005-04-29,1156.85,-0.02010859,-0.01892568,-0.0200755
2005-05-31,1191.5,0.02995203,0.03199443,0.03015639
2005-06-30,1191.33,-0.0001426773,0.001716826,0.0001394482
2005-07-29,1234.18,0.0359682,0.03736385,0.03616314
2005-08-31,1220.33,-0.01122203,-0.009159097,-0.0112646
2005-09-30,1228.81,0.006948940000000001,0.008066667000000001,0.006915606
2005-10-31,1207.01,-0.01774074,-0.01567206,-0.01669718
2005-11-30,1249.48,0.03518612,0.03828868,0.03567516
2005-12-30,1248.29,-0.0009523962000000001,-6.043767e-05,-0.001396029
2006-01-31,1280.08,0.02546684,0.02644184,0.02542376
2006-02-28,1280.66,0.0004530967,0.002424526,0.0001669093
2006-03-31,1294.83,0.01106461,0.01290901,0.01151115
2006-04-28,1310.61,0.01218693,0.01206388,0.01085011
2006-05-31,1270.09,-0.0309169,-0.02831921,-0.03051855
2006-06-30,1270.2,8.660804e-05,0.001587439,0.0003476813
2006-07-31,1276.66,0.005085813000000001,0.005571093,0.004509582000000001
2006-08-31,1303.82,0.02127426,0.02415014,0.02167941
2006-09-29,1335.85,0.02456627,0.02648685,0.02529584
2006-10-31,1377.94,0.03150803,0.03252684,0.03141981
2006-11-30,1400.63,0.01646661,0.01838487,0.01588744
2006-12-29,1418.3,0.01261575,0.01376778,0.01229443
2007-01-31,1438.24,0.01405908,0.01531296,0.0143446
2007-02-28,1406.82,-0.02184615,-0.01928812,-0.0215983
2007-03-30,1420.86,0.009979955,0.01089432,0.009679057000000001
2007-04-30,1482.37,0.04329068,0.04399057,0.04285663
2007-05-31,1530.62,0.03254923,0.03445916,0.03215402
2007-06-29,1503.35,-0.01781631,-0.01662036,-0.0178285
2007-07-31,1455.27,-0.03198191,-0.03119703,-0.03228349
2007-08-31,1473.99,0.01286359,0.01509399,0.01285946
2007-09-28,1526.75,0.035794,0.03746843,0.03592305
2007-10-31,1549.38,0.01482233,0.01736036,0.01629193
2007-11-30,1481.14,-0.04404343,-0.0413821,-0.04358149
2007-12-31,1468.36,-0.008628489000000001,-0.006116354,-0.007902999
2008-01-31,1378.55,-0.06116347,-0.06116583,-0.06233211
2008-02-29,1330.63,-0.03476116,-0.03141937,-0.03369335
2008-03-31,1322.7,-0.005959583,-0.00339975,-0.00505422
2008-04-30,1385.59,0.04754668,0.04862945,0.04748971
2008-05-30,1400.38,0.01067415,0.0129862,0.01070807
2008-06-30,1280.0,-0.08596238,-0.08284174,-0.08456877
2008-07-31,1267.38,-0.009859375,-0.007305983,-0.008737696000000001
2008-08-29,1282.83,0.0121905,0.01495508,0.01268152
2008-09-30,1166.36,-0.09079146,-0.08546704000000001,-0.08728698
2008-10-31,968.75,-0.1694245,-0.1669803,-0.1684554
2008-11-28,896.24,-0.07484903,-0.07351224,-0.07651425
2008-12-31,903.25,0.007821565,0.01199549,0.009229434
2009-01-30,825.88,-0.08565735000000001,-0.08261505,-0.08403882
2009-02-27,735.09,-0.1099312,-0.1035876,-0.1074015
2009-03-31,797.87,0.08540451,0.08763397,0.08415439
2009-04-30,872.81,0.09392507,0.09422965,0.09255019
2009-05-29,919.14,0.05308143,0.05464019,0.05184807
2009-06-30,919.32,0.0001958352,0.002475524,0.0006798584
2009-07-31,987.48,0.07414176,0.07448234000000001,0.07310080000000001
2009-08-31,1020.62,0.03356017,0.03475128,0.03225503
2009-09-30,1057.08,0.03572338,0.03653429,0.03497823
2009-10-30,1036.19,-0.01976199,-0.01825885,-0.01945812
2009-11-30,1095.63,0.057364,0.06025717,0.05760689
2009-12-31,1115.1,0.0177706,0.01898325,0.01734579
2010-01-29,1073.87,-0.03697426,-0.03575119,-0.03678091
2010-02-26,1104.49,0.02851369,0.03042443,0.02801369
2010-03-31,1169.43,0.05879637,0.06101396,0.05942967
2010-04-30,1186.69,0.01475933,0.01597691,0.01495729
2010-05-28,1089.41,-0.08197591,-0.08011108,-0.0823369
2010-06-30,1030.71,-0.05388238,-0.05352511,-0.05511508
2010-07-30,1101.6,0.06877783,0.07045107,0.06862004000000001
2010-08-31,1049.33,-0.04744916,-0.04543412,-0.0478404
2010-09-30,1141.2,0.0875511,0.09038309,0.08875137
2010-10-29,1183.26,0.03685594,0.03872603,0.03708135
2010-11-30,1180.55,-0.002290283,-5.099688e-05,-0.002570646
2010-12-31,1257.64,0.06530007,0.06705447,0.06524882
2011-01-31,1286.12,0.02264559,0.02334892,0.02231851
2011-02-28,1327.22,0.03195658,0.03250839,0.03025083
2011-03-31,1325.83,-0.001047302,0.0006249057000000001,-0.0008674852
2011-04-29,1363.61,0.02849536,0.02944067,0.02835773
2011-05-31,1345.2,-0.01350093,-0.01131263,-0.01357232
2011-06-30,1320.64,-0.01825751,-0.01654476,-0.01810615
2011-07-29,1292.28,-0.02147444,-0.01982797,-0.0209824
2011-08-31,1218.89,-0.0567911,-0.05432273,-0.05673521
2011-09-30,1131.42,-0.07176201,-0.07023836,-0.07173936
2011-10-31,1253.3,0.107723,0.1090144,0.1075541
2011-11-30,1246.96,-0.005058645000000001,-0.002727114,-0.005551808
2011-12-30,1257.6,0.008532751,0.009427484,0.007612536
2012-01-31,1312.41,0.04358302,0.04520524,0.04400266
2012-02-29,1365.68,0.04058945,0.0433405,0.0407443
2012-03-30,1408.47,0.03133238,0.03286563,0.03128163
2012-04-30,1397.91,-0.007497497000000001,-0.006033907000000001,-0.007236737
2012-05-31,1310.33,-0.06265067,-0.05978969,-0.06243256
2012-06-29,1362.16,0.03955492,0.04146507,0.03988847
2012-07-31,1379.32,0.01259764,0.01436267,0.01309601
2012-08-31,1406.58,0.01976336,0.02274409,0.01993809
2012-09-28,1440.67,0.02423609,0.02512,0.02354709
2012-10-31,1412.16,-0.0197894,-0.0178371,-0.01922735
2012-11-30,1416.18,0.002846703,0.005326278,0.002153846
2012-12-31,1426.19,0.00706831,0.008507723,0.005902279000000001
2013-01-31,1498.11,0.05042806,0.05236106,0.05102444
2013-02-28,1514.68,0.0110606,0.01301251,0.01051064
2013-03-28,1569.19,0.0359878,0.03758439,0.03602508
2013-04-30,1597.57,0.01808576,0.01962145,0.0184822
2013-05-31,1630.74,0.02076278,0.02312027,0.02044053
2013-06-28,1606.28,-0.01499933,-0.01360112,-0.01526242
2013-07-31,1685.73,0.04946211,0.05067199,0.04928734
2013-08-30,1632.97,-0.03129801,-0.02920744,-0.03163813
2013-09-30,1681.55,0.02974948,0.03165992,0.03006444
2013-10-31,1756.54,0.04459576,0.04626801,0.04495276
2013-11-29,1805.81,0.02804946,0.03081704,0.02839805
2013-12-31,1848.36,0.02356283,0.02595033,0.02419578
2014-01-31,1782.59,-0.0355829,-0.0346656,-0.03573136
2014-02-28,1859.45,0.04311704,0.04575679,0.0431941
2014-03-31,1872.34,0.006932158000000001,0.00805598,0.006536791
2014-04-30,1883.95,0.006200797,0.006555136,0.005388449
2014-05-30,1923.57,0.02103028,0.02330929,0.02089496
2014-06-30,1960.23,0.01905831,0.02063541,0.0190484
2014-07-31,1930.67,-0.01507986,-0.01397394,-0.01527848
2014-08-29,2003.37,0.03765532,0.03977731,0.03744552
2014-09-30,1972.29,-0.01551386,-0.01392835,-0.0154671
2014-10-31,2018.05,0.02320146,0.02397182,0.0227997
2014-11-28,2067.56,0.02453358,0.02763117,0.02515895
2014-12-31,2058.9,-0.004188512,-0.002473118,-0.004249211
2015-01-30,1994.99,-0.03104085,-0.02942958,-0.03046778
2015-02-27,2104.5,0.05489251,0.05697554,0.05430497
2015-03-31,2067.89,-0.01739606,-0.01499272,-0.01662767
2015-04-30,2085.51,0.008520762000000001,0.009100500000000001,0.00800359
2015-05-29,2107.39,0.01049144,0.01252177,0.01014118
2015-06-30,2063.11,-0.02101177,-0.0193429,-0.02102048
2015-07-31,2103.84,0.01974204,0.0212972,0.0201012
2015-08-31,1972.18,-0.0625808,-0.0600856,-0.06243259
2015-09-30,1920.03,-0.02644282,-0.02454746,-0.02625793
2015-10-30,2079.36,0.08298308,0.0834494,0.08204906000000001
2015-11-30,2080.41,0.000504963,0.003372747,0.0008165303
2015-12-31,2043.94,-0.0175302,-0.01524733,-0.01707592
2016-01-29,1940.24,-0.05073534,-0.04910022,-0.05025005
2016-02-29,1932.23,-0.004128355,-0.00174151,-0.004457254
2016-03-31,2059.74,0.06599111,0.0673404,0.0651463
2016-04-29,2065.3,0.00269937,0.003747368,0.002576136
2016-05-31,2096.96,0.01532949,0.01848697,0.01588563
2016-06-30,2098.86,0.0009060735,0.002674744,0.001001579
2016-07-29,2173.6,0.03560981,0.03657112,0.03532359
2016-08-31,2170.95,-0.001219176,0.001247062,-0.001395983
2016-09-30,2168.27,-0.001234483,0.0004459507,-0.001033192
2016-10-31,2126.15,-0.01942562,-0.0179578,-0.01920612
2016-11-30,2198.81,0.03417445,0.0357898,0.03300688
2016-12-30,2238.83,0.01820075,0.01919485,0.01756943
2017-01-31,2278.87,0.01788434,0.01938444,0.01831108
2017-02-28,2363.64,0.03719826,0.03945895,0.03705174
2017-03-31,2362.72,-0.0003892302,0.001664499,5.450111e-05
2017-04-28,2384.2,0.009091217,0.01059051,0.00943878
2017-05-31,2411.8,0.01157621,0.01455208,0.01191972
2017-06-30,2423.41,0.004813832000000001,0.005798138,0.004364269
2017-07-31,2470.3,0.01934877,0.02069642,0.01916169
2017-08-31,2471.65,0.0005464923,0.002238263,-0.0003243207
2017-09-29,2519.36,0.0193029,0.0200498,0.01874199
2017-10-31,2575.26,0.02218818,0.0241323,0.02300606
2017-11-30,2647.58,0.0280826,0.03138916,0.02886025
2017-12-29,2673.61,0.009831619,0.01114916,0.009850504000000001
2018-01-31,2823.81,0.05617873,0.05806007,0.05701827
2018-02-28,2713.83,-0.03894738,-0.03766079,-0.03970215
2018-03-29,2640.87,-0.02688451,-0.0254586,-0.0270916
2018-04-30,2648.05,0.002718801,0.003770307,0.002655784
2018-05-31,2705.27,0.02160835,0.02380042,0.02131663
2018-06-29,2718.37,0.0048424,0.006840187,0.005507358
2018-07-31,2816.29,0.03602159,0.03714426,0.03597036
2018-08-31,2901.52,0.03026322,0.03293786,0.03064667
2018-09-28,2913.98,0.004294301,0.005137595,0.00375802
2018-10-31,2711.74,-0.06940336,-0.06840907,-0.06949207
2018-11-30,2760.17,0.01785938,0.0197524,0.01725896
2018-12-31,2506.85,-0.09177695,-0.09064607,-0.09218819
2019-01-31,2704.1,0.0786844,0.08140907,0.08002434
2019-02-28,2784.49,0.02972893,0.03170817,0.02939776
2019-03-29,2834.4,0.01792429,0.01953133,0.01800691
2019-04-30,2945.83,0.03931344,0.04062946,0.0394691
2019-05-31,2752.06,-0.06577773,-0.06318703,-0.06550308
2019-06-28,2941.76,0.06893019,0.06956052,0.06805627
2019-07-31,2980.38,0.01312819,0.01460293,0.01336715
2019-08-30,2926.46,-0.01809165,-0.01608507,-0.01837676
2019-09-30,2976.74,0.01718117,0.01879139,0.01727238
2019-10-31,3037.56,0.02043175,0.02162117,0.02044146
2019-11-29,3140.98,0.03404706,0.03620611,0.03397934
2019-12-31,3230.78,0.0285898,0.0297873,0.02813594
2020-01-31,3225.52,-0.00162809,0.0001084641,-0.001128699
2020-02-28,2954.22,-0.08411047,-0.08187192,-0.08407956
2020-03-31,2584.59,-0.1251193,-0.1219968,-0.1236856
2020-04-30,2912.43,0.1268441,0.1288902,0.1276535
2020-05-29,3044.31,0.04528178,0.04781811,0.04558687
2020-06-30,3100.29,0.0183884,0.02034818,0.0188852
2020-07-31,3271.12,0.0551013,0.05691026,0.05568181
2020-08-31,3500.31,0.07006469,0.07206779,0.07030768
2020-09-30,3363.0,-0.03922796,-0.03815144,-0.03936629
2020-10-30,3269.96,-0.02766578,-0.02640932,-0.02750657
2020-11-30,3621.63,0.1075457,0.1094039,0.1076237
2020-12-31,3756.07,0.03712141,0.04157232,0.04013748
2021-01-29,3714.24,-0.01113664,-0.01005231,-0.01108971
2021-02-26,3811.15,0.02609148,0.02610381,0.02463096
2021-03-31,3972.89,0.04243863,0.04331362,0.04196968
2021-04-30,4181.17,0.05242531,0.0539035,0.05299146
2021-05-28,4204.11,0.005486503,0.00620797,0.004736917
2021-06-30,4297.5,0.02221398,0.0236824,0.02256364
2021-07-30,4395.26,0.02274811,0.02430491,0.02330944
2021-08-31,4522.68,0.02899032,0.03059974,0.02920516
2021-09-30,4307.54,-0.04756914,-0.04607648,-0.04715239
2021-10-29,4605.38,0.06914388,0.07050968,0.06962662
2021-11-30,4567.0,-0.008333731,-0.007255997,-0.008665723
2021-12-31,4766.18,0.04361288,0.04348492,0.04228502
2022-01-31,4515.55,-0.05258509,-0.05224302,-0.05308748
2022-02-28,4373.94,-0.03136052,-0.02929291,-0.03070002
2022-03-31,4530.41,0.03577324,0.03792486,0.03660516
2022-04-29,4131.93,-0.08795672,-0.08757647,-0.08839326
2022-05-31,4132.15,5.324388e-05,0.0003737234,-0.001355178
2022-06-30,3785.38,-0.08391999,-0.08168302,-0.08312571
2022-07-29,4130.29,0.09111635,0.09376591000000001,0.0926751
2022-08-31,3955.0,-0.04244012,-0.04030506,-0.04205243
2022-09-30,3585.62,-0.0933957,-0.09149495,-0.09287614
2022-10-31,3871.98,0.07986345,0.08024824,0.07919645
2022-11-30,4080.11,0.05375286,0.05416561,0.05215757
2022-12-30,3839.5,-0.05897145,-0.05878364,-0.06016977
